"ID","Decade","Application period","Application method","Crop","Crop height (cm)","Incorporation time (h)","Manure source","Manure treatment","Air temperature (deg. C)","Wind speed (m/s)","Emission factor (% of applied TAN)"
"0001-1980",1980,"March","Closed slot injection","None",0,"None","Cattle","None",3.3,4.37,1.6
"0001-1990",1990,"March","Closed slot injection","None",0,"None","Cattle","None",4.4,4.48,1.6
"0001-2000",2000,"March","Closed slot injection","None",0,"None","Cattle","None",4,4.02,1.6
"0001-2010",2010,"March","Closed slot injection","None",0,"None","Cattle","None",4.9,4.02,1.6
"0002-1980",1980,"April","Closed slot injection","None",0,"None","Cattle","None",6.8,3.79,1.6
"0002-1990",1990,"April","Closed slot injection","None",0,"None","Cattle","None",7.6,4.02,1.6
"0002-2000",2000,"April","Closed slot injection","None",0,"None","Cattle","None",8.5,3.45,1.6
"0002-2010",2010,"April","Closed slot injection","None",0,"None","Cattle","None",8.5,3.91,1.6
"0003-1980",1980,"March","Open slot injection","Grass",10,"None","Cattle","None",3.3,4.37,12
"0003-1990",1990,"March","Open slot injection","Grass",10,"None","Cattle","None",4.4,4.48,13
"0003-2000",2000,"March","Open slot injection","Grass",10,"None","Cattle","None",4,4.02,12
"0003-2010",2010,"March","Open slot injection","Grass",10,"None","Cattle","None",4.9,4.02,12
"0004-1980",1980,"April","Open slot injection","Grass",10,"None","Cattle","None",6.8,3.79,14
"0004-1990",1990,"April","Open slot injection","Grass",10,"None","Cattle","None",7.6,4.02,14
"0004-2000",2000,"April","Open slot injection","Grass",10,"None","Cattle","None",8.5,3.45,13
"0004-2010",2010,"April","Open slot injection","Grass",10,"None","Cattle","None",8.5,3.91,14
"0005-1980",1980,"Summer, grass","Open slot injection","Grass",10,"None","Cattle","None",14.7,3.31,17
"0005-1990",1990,"Summer, grass","Open slot injection","Grass",10,"None","Cattle","None",15.3,3.25,16
"0005-2000",2000,"Summer, grass","Open slot injection","Grass",10,"None","Cattle","None",15.8,3.16,15
"0005-2010",2010,"Summer, grass","Open slot injection","Grass",10,"None","Cattle","None",15.8,3.28,15
"0006-1980",1980,"Summer, before winter rapeseed","Closed slot injection","None",0,"None","Cattle","None",16,3.39,1.6
"0006-1990",1990,"Summer, before winter rapeseed","Closed slot injection","None",0,"None","Cattle","None",17.4,3.1,1.6
"0006-2000",2000,"Summer, before winter rapeseed","Closed slot injection","None",0,"None","Cattle","None",17.8,2.99,1.6
"0006-2010",2010,"Summer, before winter rapeseed","Closed slot injection","None",0,"None","Cattle","None",17.5,3.1,1.6
"0007-1980",1980,"Autumn","Open slot injection","Grass",10,"None","Cattle","None",13.6,3.45,17
"0007-1990",1990,"Autumn","Open slot injection","Grass",10,"None","Cattle","None",13.7,3.33,16
"0007-2000",2000,"Autumn","Open slot injection","Grass",10,"None","Cattle","None",14.6,3.33,15
"0007-2010",2010,"Autumn","Open slot injection","Grass",10,"None","Cattle","None",14.6,3.45,15
"0008-1980",1980,"Autumn","Closed slot injection","None",0,"None","Cattle","None",13.6,3.45,1.6
"0008-1990",1990,"Autumn","Closed slot injection","None",0,"None","Cattle","None",13.7,3.33,1.6
"0008-2000",2000,"Autumn","Closed slot injection","None",0,"None","Cattle","None",14.6,3.33,1.6
"0008-2010",2010,"Autumn","Closed slot injection","None",0,"None","Cattle","None",14.6,3.45,1.6
"0009-1980",1980,"March","Trailing hose","None",0,"24.0","Cattle","None",3.3,4.37,9.5
"0009-1990",1990,"March","Trailing hose","None",0,"24.0","Cattle","None",4.4,4.48,11
"0009-2000",2000,"March","Trailing hose","None",0,"24.0","Cattle","None",4,4.02,9.7
"0009-2010",2010,"March","Trailing hose","None",0,"24.0","Cattle","None",4.9,4.02,11
"0010-1980",1980,"March","Trailing hose","None",0,"12.0","Cattle","None",3.3,4.37,5.8
"0010-1990",1990,"March","Trailing hose","None",0,"12.0","Cattle","None",4.4,4.48,7.1
"0010-2000",2000,"March","Trailing hose","None",0,"12.0","Cattle","None",4,4.02,6
"0010-2010",2010,"March","Trailing hose","None",0,"12.0","Cattle","None",4.9,4.02,6.8
"0011-1980",1980,"March","Trailing hose","None",0,"6.0","Cattle","None",3.3,4.37,3.5
"0011-1990",1990,"March","Trailing hose","None",0,"6.0","Cattle","None",4.4,4.48,4.3
"0011-2000",2000,"March","Trailing hose","None",0,"6.0","Cattle","None",4,4.02,3.6
"0011-2010",2010,"March","Trailing hose","None",0,"6.0","Cattle","None",4.9,4.02,4.1
"0012-1980",1980,"March","Trailing hose","None",0,"4.0","Cattle","None",3.3,4.37,2.7
"0012-1990",1990,"March","Trailing hose","None",0,"4.0","Cattle","None",4.4,4.48,3.2
"0012-2000",2000,"March","Trailing hose","None",0,"4.0","Cattle","None",4,4.02,2.7
"0012-2010",2010,"March","Trailing hose","None",0,"4.0","Cattle","None",4.9,4.02,3.1
"0013-1980",1980,"April","Trailing hose","None",0,"24.0","Cattle","None",6.8,3.79,13
"0013-1990",1990,"April","Trailing hose","None",0,"24.0","Cattle","None",7.6,4.02,15
"0013-2000",2000,"April","Trailing hose","None",0,"24.0","Cattle","None",8.5,3.45,14
"0013-2010",2010,"April","Trailing hose","None",0,"24.0","Cattle","None",8.5,3.91,16
"0014-1980",1980,"April","Trailing hose","None",0,"12.0","Cattle","None",6.8,3.79,8
"0014-1990",1990,"April","Trailing hose","None",0,"12.0","Cattle","None",7.6,4.02,9.6
"0014-2000",2000,"April","Trailing hose","None",0,"12.0","Cattle","None",8.5,3.45,9.3
"0014-2010",2010,"April","Trailing hose","None",0,"12.0","Cattle","None",8.5,3.91,10
"0015-1980",1980,"April","Trailing hose","None",0,"6.0","Cattle","None",6.8,3.79,4.8
"0015-1990",1990,"April","Trailing hose","None",0,"6.0","Cattle","None",7.6,4.02,5.8
"0015-2000",2000,"April","Trailing hose","None",0,"6.0","Cattle","None",8.5,3.45,5.6
"0015-2010",2010,"April","Trailing hose","None",0,"6.0","Cattle","None",8.5,3.91,6.4
"0016-1980",1980,"April","Trailing hose","None",0,"4.0","Cattle","None",6.8,3.79,3.6
"0016-1990",1990,"April","Trailing hose","None",0,"4.0","Cattle","None",7.6,4.02,4.3
"0016-2000",2000,"April","Trailing hose","None",0,"4.0","Cattle","None",8.5,3.45,4.2
"0016-2010",2010,"April","Trailing hose","None",0,"4.0","Cattle","None",8.5,3.91,4.7
"0017-1980",1980,"March","Trailing hose","Winter cereal",15,"None","Cattle","None",3.3,4.37,22
"0017-1990",1990,"March","Trailing hose","Winter cereal",15,"None","Cattle","None",4.4,4.48,24
"0017-2000",2000,"March","Trailing hose","Winter cereal",15,"None","Cattle","None",4,4.02,21
"0017-2010",2010,"March","Trailing hose","Winter cereal",15,"None","Cattle","None",4.9,4.02,22
"0018-1980",1980,"April","Trailing hose","Winter cereal",25,"None","Cattle","None",6.8,3.79,26
"0018-1990",1990,"April","Trailing hose","Winter cereal",25,"None","Cattle","None",7.6,4.02,27
"0018-2000",2000,"April","Trailing hose","Winter cereal",25,"None","Cattle","None",8.5,3.45,25
"0018-2010",2010,"April","Trailing hose","Winter cereal",25,"None","Cattle","None",8.5,3.91,27
"0019-1980",1980,"May","Trailing hose","Spring cereal",15,"None","Cattle","None",12,3.68,33
"0019-1990",1990,"May","Trailing hose","Spring cereal",15,"None","Cattle","None",11.7,3.45,31
"0019-2000",2000,"May","Trailing hose","Spring cereal",15,"None","Cattle","None",12.5,3.33,29
"0019-2010",2010,"May","Trailing hose","Spring cereal",15,"None","Cattle","None",12.4,3.56,30
"0020-1980",1980,"Summer","Trailing hose","Grass",10,"None","Cattle","None",15.6,3.18,36
"0020-1990",1990,"Summer","Trailing hose","Grass",10,"None","Cattle","None",16.4,3.18,35
"0020-2000",2000,"Summer","Trailing hose","Grass",10,"None","Cattle","None",16.9,3.1,32
"0020-2010",2010,"Summer","Trailing hose","Grass",10,"None","Cattle","None",16.9,3.18,33
"0021-1980",1980,"Summer","Trailing hose","None",0,"24.0","Cattle","None",15.6,3.18,28
"0021-1990",1990,"Summer","Trailing hose","None",0,"24.0","Cattle","None",16.4,3.18,29
"0021-2000",2000,"Summer","Trailing hose","None",0,"24.0","Cattle","None",16.9,3.1,27
"0021-2010",2010,"Summer","Trailing hose","None",0,"24.0","Cattle","None",16.9,3.18,27
"0022-1980",1980,"Summer","Trailing hose","None",0,"12.0","Cattle","None",15.6,3.18,20
"0022-1990",1990,"Summer","Trailing hose","None",0,"12.0","Cattle","None",16.4,3.18,22
"0022-2000",2000,"Summer","Trailing hose","None",0,"12.0","Cattle","None",16.9,3.1,22
"0022-2010",2010,"Summer","Trailing hose","None",0,"12.0","Cattle","None",16.9,3.18,22
"0023-1980",1980,"Summer","Trailing hose","None",0,"6.0","Cattle","None",15.6,3.18,13
"0023-1990",1990,"Summer","Trailing hose","None",0,"6.0","Cattle","None",16.4,3.18,15
"0023-2000",2000,"Summer","Trailing hose","None",0,"6.0","Cattle","None",16.9,3.1,15
"0023-2010",2010,"Summer","Trailing hose","None",0,"6.0","Cattle","None",16.9,3.18,15
"0024-1980",1980,"Summer","Trailing hose","None",0,"4.0","Cattle","None",15.6,3.18,9.8
"0024-1990",1990,"Summer","Trailing hose","None",0,"4.0","Cattle","None",16.4,3.18,11
"0024-2000",2000,"Summer","Trailing hose","None",0,"4.0","Cattle","None",16.9,3.1,11
"0024-2010",2010,"Summer","Trailing hose","None",0,"4.0","Cattle","None",16.9,3.18,11
"0025-1980",1980,"Autumn","Trailing hose","Grass",15,"None","Cattle","None",13.6,3.45,35
"0025-1990",1990,"Autumn","Trailing hose","Grass",15,"None","Cattle","None",13.7,3.33,33
"0025-2000",2000,"Autumn","Trailing hose","Grass",15,"None","Cattle","None",14.6,3.33,31
"0025-2010",2010,"Autumn","Trailing hose","Grass",15,"None","Cattle","None",14.6,3.45,32
"0026-1980",1980,"Autumn","Trailing hose","None",0,"24.0","Cattle","None",13.6,3.45,25
"0026-1990",1990,"Autumn","Trailing hose","None",0,"24.0","Cattle","None",13.7,3.33,24
"0026-2000",2000,"Autumn","Trailing hose","None",0,"24.0","Cattle","None",14.6,3.33,24
"0026-2010",2010,"Autumn","Trailing hose","None",0,"24.0","Cattle","None",14.6,3.45,25
"0027-1980",1980,"Autumn","Trailing hose","None",0,"12.0","Cattle","None",13.6,3.45,17
"0027-1990",1990,"Autumn","Trailing hose","None",0,"12.0","Cattle","None",13.7,3.33,17
"0027-2000",2000,"Autumn","Trailing hose","None",0,"12.0","Cattle","None",14.6,3.33,18
"0027-2010",2010,"Autumn","Trailing hose","None",0,"12.0","Cattle","None",14.6,3.45,19
"0028-1980",1980,"Autumn","Trailing hose","None",0,"6.0","Cattle","None",13.6,3.45,11
"0028-1990",1990,"Autumn","Trailing hose","None",0,"6.0","Cattle","None",13.7,3.33,11
"0028-2000",2000,"Autumn","Trailing hose","None",0,"6.0","Cattle","None",14.6,3.33,12
"0028-2010",2010,"Autumn","Trailing hose","None",0,"6.0","Cattle","None",14.6,3.45,12
"0029-1980",1980,"Autumn","Trailing hose","None",0,"4.0","Cattle","None",13.6,3.45,8
"0029-1990",1990,"Autumn","Trailing hose","None",0,"4.0","Cattle","None",13.7,3.33,8
"0029-2000",2000,"Autumn","Trailing hose","None",0,"4.0","Cattle","None",14.6,3.33,9
"0029-2010",2010,"Autumn","Trailing hose","None",0,"4.0","Cattle","None",14.6,3.45,9.2
"0030-1980",1980,"Winter-spring","Broadcast","None",0,"< 12 hours","Cattle","None",10.9,3.6,36
"0030-1990",1990,"Winter-spring","Broadcast","None",0,"< 12 hours","Cattle","None",11.3,3.59,35
"0030-2000",2000,"Winter-spring","Broadcast","None",0,"< 12 hours","Cattle","None",11.9,3.42,32
"0030-2010",2010,"Winter-spring","Broadcast","None",0,"< 12 hours","Cattle","None",12,3.53,32
"0031-1980",1980,"Winter-spring","Broadcast","None",0,"> 12 hours","Cattle","None",10.9,3.6,36
"0031-1990",1990,"Winter-spring","Broadcast","None",0,"> 12 hours","Cattle","None",11.3,3.59,35
"0031-2000",2000,"Winter-spring","Broadcast","None",0,"> 12 hours","Cattle","None",11.9,3.42,32
"0031-2010",2010,"Winter-spring","Broadcast","None",0,"> 12 hours","Cattle","None",12,3.53,32
"0032-1980",1980,"Winter-spring","Broadcast","None",0,"None","Cattle","None",10.9,3.6,52
"0032-1990",1990,"Winter-spring","Broadcast","None",0,"None","Cattle","None",11.3,3.59,50
"0032-2000",2000,"Winter-spring","Broadcast","None",0,"None","Cattle","None",11.9,3.42,47
"0032-2010",2010,"Winter-spring","Broadcast","None",0,"None","Cattle","None",12,3.53,47
"0033-1980",1980,"Spring-summer","Broadcast","Cereal and grass",15,"None","Cattle","None",13.1,3.4,52
"0033-1990",1990,"Spring-summer","Broadcast","Cereal and grass",15,"None","Cattle","None",13.7,3.4,51
"0033-2000",2000,"Spring-summer","Broadcast","Cereal and grass",15,"None","Cattle","None",14.3,3.22,47
"0033-2010",2010,"Spring-summer","Broadcast","Cereal and grass",15,"None","Cattle","None",14.3,3.4,48
"0034-1980",1980,"Late summer-autumn","Broadcast","Grass",10,"None","Cattle","None",15.2,3.41,53
"0034-1990",1990,"Late summer-autumn","Broadcast","Grass",10,"None","Cattle","None",16.1,3.18,51
"0034-2000",2000,"Late summer-autumn","Broadcast","Grass",10,"None","Cattle","None",16.7,3.1,47
"0034-2010",2010,"Late summer-autumn","Broadcast","Grass",10,"None","Cattle","None",16.6,3.22,48
"0035-1980",1980,"Late summer-autumn","Broadcast","None",0,"< 12 hours","Cattle","None",15.2,3.41,40
"0035-1990",1990,"Late summer-autumn","Broadcast","None",0,"< 12 hours","Cattle","None",16.1,3.18,38
"0035-2000",2000,"Late summer-autumn","Broadcast","None",0,"< 12 hours","Cattle","None",16.7,3.1,33
"0035-2010",2010,"Late summer-autumn","Broadcast","None",0,"< 12 hours","Cattle","None",16.6,3.22,34
"0036-1980",1980,"Late summer-autumn","Broadcast","None",0,"> 12 hours","Cattle","None",15.2,3.41,40
"0036-1990",1990,"Late summer-autumn","Broadcast","None",0,"> 12 hours","Cattle","None",16.1,3.18,38
"0036-2000",2000,"Late summer-autumn","Broadcast","None",0,"> 12 hours","Cattle","None",16.7,3.1,33
"0036-2010",2010,"Late summer-autumn","Broadcast","None",0,"> 12 hours","Cattle","None",16.6,3.22,34
"0037-1980",1980,"Late summer-autumn","Broadcast","None",0,"None","Cattle","None",15.2,3.41,53
"0037-1990",1990,"Late summer-autumn","Broadcast","None",0,"None","Cattle","None",16.1,3.18,51
"0037-2000",2000,"Late summer-autumn","Broadcast","None",0,"None","Cattle","None",16.7,3.1,47
"0037-2010",2010,"Late summer-autumn","Broadcast","None",0,"None","Cattle","None",16.6,3.22,48
"0038-1980",1980,"March","Closed slot injection","None",0,"None","Pig","None",3.3,4.37,1.8
"0038-1990",1990,"March","Closed slot injection","None",0,"None","Pig","None",4.4,4.48,1.8
"0038-2000",2000,"March","Closed slot injection","None",0,"None","Pig","None",4,4.02,1.8
"0038-2010",2010,"March","Closed slot injection","None",0,"None","Pig","None",4.9,4.02,1.8
"0039-1980",1980,"April","Closed slot injection","None",0,"None","Pig","None",6.8,3.79,1.8
"0039-1990",1990,"April","Closed slot injection","None",0,"None","Pig","None",7.6,4.02,1.8
"0039-2000",2000,"April","Closed slot injection","None",0,"None","Pig","None",8.5,3.45,1.8
"0039-2010",2010,"April","Closed slot injection","None",0,"None","Pig","None",8.5,3.91,1.8
"0040-1980",1980,"March","Open slot injection","Grass",10,"None","Pig","None",3.3,4.37,9.3
"0040-1990",1990,"March","Open slot injection","Grass",10,"None","Pig","None",4.4,4.48,9.6
"0040-2000",2000,"March","Open slot injection","Grass",10,"None","Pig","None",4,4.02,9.6
"0040-2010",2010,"March","Open slot injection","Grass",10,"None","Pig","None",4.9,4.02,9.7
"0041-1980",1980,"April","Open slot injection","Grass",10,"None","Pig","None",6.8,3.79,9.4
"0041-1990",1990,"April","Open slot injection","Grass",10,"None","Pig","None",7.6,4.02,9.7
"0041-2000",2000,"April","Open slot injection","Grass",10,"None","Pig","None",8.5,3.45,9.8
"0041-2010",2010,"April","Open slot injection","Grass",10,"None","Pig","None",8.5,3.91,9.8
"0042-1980",1980,"Summer, grass","Open slot injection","Grass",10,"None","Pig","None",14.7,3.31,9.6
"0042-1990",1990,"Summer, grass","Open slot injection","Grass",10,"None","Pig","None",15.3,3.25,9.9
"0042-2000",2000,"Summer, grass","Open slot injection","Grass",10,"None","Pig","None",15.8,3.16,10
"0042-2010",2010,"Summer, grass","Open slot injection","Grass",10,"None","Pig","None",15.8,3.28,10
"0043-1980",1980,"Summer, before winter rapeseed","Closed slot injection","None",0,"None","Pig","None",16,3.39,1.8
"0043-1990",1990,"Summer, before winter rapeseed","Closed slot injection","None",0,"None","Pig","None",17.4,3.1,1.8
"0043-2000",2000,"Summer, before winter rapeseed","Closed slot injection","None",0,"None","Pig","None",17.8,2.99,1.8
"0043-2010",2010,"Summer, before winter rapeseed","Closed slot injection","None",0,"None","Pig","None",17.5,3.1,1.8
"0044-1980",1980,"Autumn","Open slot injection","Grass",10,"None","Pig","None",13.6,3.45,9.5
"0044-1990",1990,"Autumn","Open slot injection","Grass",10,"None","Pig","None",13.7,3.33,9.8
"0044-2000",2000,"Autumn","Open slot injection","Grass",10,"None","Pig","None",14.6,3.33,10
"0044-2010",2010,"Autumn","Open slot injection","Grass",10,"None","Pig","None",14.6,3.45,10
"0045-1980",1980,"Autumn","Closed slot injection","None",0,"None","Pig","None",13.6,3.45,1.8
"0045-1990",1990,"Autumn","Closed slot injection","None",0,"None","Pig","None",13.7,3.33,1.8
"0045-2000",2000,"Autumn","Closed slot injection","None",0,"None","Pig","None",14.6,3.33,1.8
"0045-2010",2010,"Autumn","Closed slot injection","None",0,"None","Pig","None",14.6,3.45,1.8
"0046-1980",1980,"March","Trailing hose","None",0,"24.0","Pig","None",3.3,4.37,5.9
"0046-1990",1990,"March","Trailing hose","None",0,"24.0","Pig","None",4.4,4.48,6.9
"0046-2000",2000,"March","Trailing hose","None",0,"24.0","Pig","None",4,4.02,6.5
"0046-2010",2010,"March","Trailing hose","None",0,"24.0","Pig","None",4.9,4.02,7
"0047-1980",1980,"March","Trailing hose","None",0,"12.0","Pig","None",3.3,4.37,4.2
"0047-1990",1990,"March","Trailing hose","None",0,"12.0","Pig","None",4.4,4.48,5
"0047-2000",2000,"March","Trailing hose","None",0,"12.0","Pig","None",4,4.02,4.5
"0047-2010",2010,"March","Trailing hose","None",0,"12.0","Pig","None",4.9,4.02,4.9
"0048-1980",1980,"March","Trailing hose","None",0,"6.0","Pig","None",3.3,4.37,2.7
"0048-1990",1990,"March","Trailing hose","None",0,"6.0","Pig","None",4.4,4.48,3.3
"0048-2000",2000,"March","Trailing hose","None",0,"6.0","Pig","None",4,4.02,2.9
"0048-2010",2010,"March","Trailing hose","None",0,"6.0","Pig","None",4.9,4.02,3.2
"0049-1980",1980,"March","Trailing hose","None",0,"4.0","Pig","None",3.3,4.37,2.1
"0049-1990",1990,"March","Trailing hose","None",0,"4.0","Pig","None",4.4,4.48,2.5
"0049-2000",2000,"March","Trailing hose","None",0,"4.0","Pig","None",4,4.02,2.2
"0049-2010",2010,"March","Trailing hose","None",0,"4.0","Pig","None",4.9,4.02,2.4
"0050-1980",1980,"April","Trailing hose","None",0,"24.0","Pig","None",6.8,3.79,6.6
"0050-1990",1990,"April","Trailing hose","None",0,"24.0","Pig","None",7.6,4.02,7.8
"0050-2000",2000,"April","Trailing hose","None",0,"24.0","Pig","None",8.5,3.45,8
"0050-2010",2010,"April","Trailing hose","None",0,"24.0","Pig","None",8.5,3.91,8.3
"0051-1980",1980,"April","Trailing hose","None",0,"12.0","Pig","None",6.8,3.79,5
"0051-1990",1990,"April","Trailing hose","None",0,"12.0","Pig","None",7.6,4.02,6
"0051-2000",2000,"April","Trailing hose","None",0,"12.0","Pig","None",8.5,3.45,6.1
"0051-2010",2010,"April","Trailing hose","None",0,"12.0","Pig","None",8.5,3.91,6.5
"0052-1980",1980,"April","Trailing hose","None",0,"6.0","Pig","None",6.8,3.79,3.4
"0052-1990",1990,"April","Trailing hose","None",0,"6.0","Pig","None",7.6,4.02,4.1
"0052-2000",2000,"April","Trailing hose","None",0,"6.0","Pig","None",8.5,3.45,4.1
"0052-2010",2010,"April","Trailing hose","None",0,"6.0","Pig","None",8.5,3.91,4.5
"0053-1980",1980,"April","Trailing hose","None",0,"4.0","Pig","None",6.8,3.79,2.7
"0053-1990",1990,"April","Trailing hose","None",0,"4.0","Pig","None",7.6,4.02,3.2
"0053-2000",2000,"April","Trailing hose","None",0,"4.0","Pig","None",8.5,3.45,3.1
"0053-2010",2010,"April","Trailing hose","None",0,"4.0","Pig","None",8.5,3.91,3.5
"0054-1980",1980,"March","Trailing hose","Winter cereal",15,"None","Pig","None",3.3,4.37,13
"0054-1990",1990,"March","Trailing hose","Winter cereal",15,"None","Pig","None",4.4,4.48,14
"0054-2000",2000,"March","Trailing hose","Winter cereal",15,"None","Pig","None",4,4.02,14
"0054-2010",2010,"March","Trailing hose","Winter cereal",15,"None","Pig","None",4.9,4.02,14
"0055-1980",1980,"April","Trailing hose","Winter cereal",25,"None","Pig","None",6.8,3.79,13
"0055-1990",1990,"April","Trailing hose","Winter cereal",25,"None","Pig","None",7.6,4.02,14
"0055-2000",2000,"April","Trailing hose","Winter cereal",25,"None","Pig","None",8.5,3.45,15
"0055-2010",2010,"April","Trailing hose","Winter cereal",25,"None","Pig","None",8.5,3.91,15
"0056-1980",1980,"May","Trailing hose","Spring cereal",15,"None","Pig","None",12,3.68,14
"0056-1990",1990,"May","Trailing hose","Spring cereal",15,"None","Pig","None",11.7,3.45,15
"0056-2000",2000,"May","Trailing hose","Spring cereal",15,"None","Pig","None",12.5,3.33,15
"0056-2010",2010,"May","Trailing hose","Spring cereal",15,"None","Pig","None",12.4,3.56,15
"0057-1980",1980,"Summer","Trailing hose","Grass",10,"None","Pig","None",15.6,3.18,14
"0057-1990",1990,"Summer","Trailing hose","Grass",10,"None","Pig","None",16.4,3.18,15
"0057-2000",2000,"Summer","Trailing hose","Grass",10,"None","Pig","None",16.9,3.1,16
"0057-2010",2010,"Summer","Trailing hose","Grass",10,"None","Pig","None",16.9,3.18,16
"0058-1980",1980,"Summer","Trailing hose","None",0,"24.0","Pig","None",15.6,3.18,7.7
"0058-1990",1990,"Summer","Trailing hose","None",0,"24.0","Pig","None",16.4,3.18,9
"0058-2000",2000,"Summer","Trailing hose","None",0,"24.0","Pig","None",16.9,3.1,9.5
"0058-2010",2010,"Summer","Trailing hose","None",0,"24.0","Pig","None",16.9,3.18,9.6
"0059-1980",1980,"Summer","Trailing hose","None",0,"12.0","Pig","None",15.6,3.18,7.1
"0059-1990",1990,"Summer","Trailing hose","None",0,"12.0","Pig","None",16.4,3.18,8.3
"0059-2000",2000,"Summer","Trailing hose","None",0,"12.0","Pig","None",16.9,3.1,8.9
"0059-2010",2010,"Summer","Trailing hose","None",0,"12.0","Pig","None",16.9,3.18,8.9
"0060-1980",1980,"Summer","Trailing hose","None",0,"6.0","Pig","None",15.6,3.18,6.2
"0060-1990",1990,"Summer","Trailing hose","None",0,"6.0","Pig","None",16.4,3.18,7.3
"0060-2000",2000,"Summer","Trailing hose","None",0,"6.0","Pig","None",16.9,3.1,7.7
"0060-2010",2010,"Summer","Trailing hose","None",0,"6.0","Pig","None",16.9,3.18,7.8
"0061-1980",1980,"Summer","Trailing hose","None",0,"4.0","Pig","None",15.6,3.18,5.3
"0061-1990",1990,"Summer","Trailing hose","None",0,"4.0","Pig","None",16.4,3.18,6.2
"0061-2000",2000,"Summer","Trailing hose","None",0,"4.0","Pig","None",16.9,3.1,6.6
"0061-2010",2010,"Summer","Trailing hose","None",0,"4.0","Pig","None",16.9,3.18,6.7
"0062-1980",1980,"Autumn","Trailing hose","Grass",15,"None","Pig","None",13.6,3.45,14
"0062-1990",1990,"Autumn","Trailing hose","Grass",15,"None","Pig","None",13.7,3.33,15
"0062-2000",2000,"Autumn","Trailing hose","Grass",15,"None","Pig","None",14.6,3.33,15
"0062-2010",2010,"Autumn","Trailing hose","Grass",15,"None","Pig","None",14.6,3.45,15
"0063-1980",1980,"Autumn","Trailing hose","None",0,"24.0","Pig","None",13.6,3.45,7.7
"0063-1990",1990,"Autumn","Trailing hose","None",0,"24.0","Pig","None",13.7,3.33,8.8
"0063-2000",2000,"Autumn","Trailing hose","None",0,"24.0","Pig","None",14.6,3.33,9.4
"0063-2010",2010,"Autumn","Trailing hose","None",0,"24.0","Pig","None",14.6,3.45,9.4
"0064-1980",1980,"Autumn","Trailing hose","None",0,"12.0","Pig","None",13.6,3.45,6.9
"0064-1990",1990,"Autumn","Trailing hose","None",0,"12.0","Pig","None",13.7,3.33,7.8
"0064-2000",2000,"Autumn","Trailing hose","None",0,"12.0","Pig","None",14.6,3.33,8.5
"0064-2010",2010,"Autumn","Trailing hose","None",0,"12.0","Pig","None",14.6,3.45,8.6
"0065-1980",1980,"Autumn","Trailing hose","None",0,"6.0","Pig","None",13.6,3.45,5.7
"0065-1990",1990,"Autumn","Trailing hose","None",0,"6.0","Pig","None",13.7,3.33,6.2
"0065-2000",2000,"Autumn","Trailing hose","None",0,"6.0","Pig","None",14.6,3.33,6.9
"0065-2010",2010,"Autumn","Trailing hose","None",0,"6.0","Pig","None",14.6,3.45,7
"0066-1980",1980,"Autumn","Trailing hose","None",0,"4.0","Pig","None",13.6,3.45,4.8
"0066-1990",1990,"Autumn","Trailing hose","None",0,"4.0","Pig","None",13.7,3.33,5.1
"0066-2000",2000,"Autumn","Trailing hose","None",0,"4.0","Pig","None",14.6,3.33,5.7
"0066-2010",2010,"Autumn","Trailing hose","None",0,"4.0","Pig","None",14.6,3.45,5.8
"0067-1980",1980,"Winter-spring","Broadcast","None",0,"< 12 hours","Pig","None",10.9,3.6,9.9
"0067-1990",1990,"Winter-spring","Broadcast","None",0,"< 12 hours","Pig","None",11.3,3.59,11
"0067-2000",2000,"Winter-spring","Broadcast","None",0,"< 12 hours","Pig","None",11.9,3.42,12
"0067-2010",2010,"Winter-spring","Broadcast","None",0,"< 12 hours","Pig","None",12,3.53,12
"0068-1980",1980,"Winter-spring","Broadcast","None",0,"> 12 hours","Pig","None",10.9,3.6,9.9
"0068-1990",1990,"Winter-spring","Broadcast","None",0,"> 12 hours","Pig","None",11.3,3.59,11
"0068-2000",2000,"Winter-spring","Broadcast","None",0,"> 12 hours","Pig","None",11.9,3.42,12
"0068-2010",2010,"Winter-spring","Broadcast","None",0,"> 12 hours","Pig","None",12,3.53,12
"0069-1980",1980,"Winter-spring","Broadcast","None",0,"None","Pig","None",10.9,3.6,31
"0069-1990",1990,"Winter-spring","Broadcast","None",0,"None","Pig","None",11.3,3.59,32
"0069-2000",2000,"Winter-spring","Broadcast","None",0,"None","Pig","None",11.9,3.42,33
"0069-2010",2010,"Winter-spring","Broadcast","None",0,"None","Pig","None",12,3.53,33
"0070-1980",1980,"Spring-summer","Broadcast","Cereal and grass",15,"None","Pig","None",13.1,3.4,31
"0070-1990",1990,"Spring-summer","Broadcast","Cereal and grass",15,"None","Pig","None",13.7,3.4,32
"0070-2000",2000,"Spring-summer","Broadcast","Cereal and grass",15,"None","Pig","None",14.3,3.22,33
"0070-2010",2010,"Spring-summer","Broadcast","Cereal and grass",15,"None","Pig","None",14.3,3.4,33
"0071-1980",1980,"Late summer-autumn","Broadcast","Grass",10,"None","Pig","None",15.2,3.41,31
"0071-1990",1990,"Late summer-autumn","Broadcast","Grass",10,"None","Pig","None",16.1,3.18,32
"0071-2000",2000,"Late summer-autumn","Broadcast","Grass",10,"None","Pig","None",16.7,3.1,33
"0071-2010",2010,"Late summer-autumn","Broadcast","Grass",10,"None","Pig","None",16.6,3.22,33
"0072-1980",1980,"Late summer-autumn","Broadcast","None",0,"< 12 hours","Pig","None",15.2,3.41,10
"0072-1990",1990,"Late summer-autumn","Broadcast","None",0,"< 12 hours","Pig","None",16.1,3.18,11
"0072-2000",2000,"Late summer-autumn","Broadcast","None",0,"< 12 hours","Pig","None",16.7,3.1,12
"0072-2010",2010,"Late summer-autumn","Broadcast","None",0,"< 12 hours","Pig","None",16.6,3.22,12
"0073-1980",1980,"Late summer-autumn","Broadcast","None",0,"> 12 hours","Pig","None",15.2,3.41,10
"0073-1990",1990,"Late summer-autumn","Broadcast","None",0,"> 12 hours","Pig","None",16.1,3.18,11
"0073-2000",2000,"Late summer-autumn","Broadcast","None",0,"> 12 hours","Pig","None",16.7,3.1,12
"0073-2010",2010,"Late summer-autumn","Broadcast","None",0,"> 12 hours","Pig","None",16.6,3.22,12
"0074-1980",1980,"Late summer-autumn","Broadcast","None",0,"None","Pig","None",15.2,3.41,31
"0074-1990",1990,"Late summer-autumn","Broadcast","None",0,"None","Pig","None",16.1,3.18,32
"0074-2000",2000,"Late summer-autumn","Broadcast","None",0,"None","Pig","None",16.7,3.1,33
"0074-2010",2010,"Late summer-autumn","Broadcast","None",0,"None","Pig","None",16.6,3.22,33
"0075-1980",1980,"March","Closed slot injection","None",0,"None","Digestate","None",3.3,4.37,2.6
"0075-1990",1990,"March","Closed slot injection","None",0,"None","Digestate","None",4.4,4.48,2.6
"0075-2000",2000,"March","Closed slot injection","None",0,"None","Digestate","None",4,4.02,2.6
"0075-2010",2010,"March","Closed slot injection","None",0,"None","Digestate","None",4.9,4.02,2.6
"0076-1980",1980,"April","Closed slot injection","None",0,"None","Digestate","None",6.8,3.79,2.6
"0076-1990",1990,"April","Closed slot injection","None",0,"None","Digestate","None",7.6,4.02,2.6
"0076-2000",2000,"April","Closed slot injection","None",0,"None","Digestate","None",8.5,3.45,2.6
"0076-2010",2010,"April","Closed slot injection","None",0,"None","Digestate","None",8.5,3.91,2.6
"0077-1980",1980,"March","Open slot injection","Grass",10,"None","Digestate","None",3.3,4.37,16
"0077-1990",1990,"March","Open slot injection","Grass",10,"None","Digestate","None",4.4,4.48,16
"0077-2000",2000,"March","Open slot injection","Grass",10,"None","Digestate","None",4,4.02,16
"0077-2010",2010,"March","Open slot injection","Grass",10,"None","Digestate","None",4.9,4.02,16
"0078-1980",1980,"April","Open slot injection","Grass",10,"None","Digestate","None",6.8,3.79,17
"0078-1990",1990,"April","Open slot injection","Grass",10,"None","Digestate","None",7.6,4.02,17
"0078-2000",2000,"April","Open slot injection","Grass",10,"None","Digestate","None",8.5,3.45,17
"0078-2010",2010,"April","Open slot injection","Grass",10,"None","Digestate","None",8.5,3.91,17
"0079-1980",1980,"Summer, grass","Open slot injection","Grass",10,"None","Digestate","None",14.7,3.31,17
"0079-1990",1990,"Summer, grass","Open slot injection","Grass",10,"None","Digestate","None",15.3,3.25,17
"0079-2000",2000,"Summer, grass","Open slot injection","Grass",10,"None","Digestate","None",15.8,3.16,17
"0079-2010",2010,"Summer, grass","Open slot injection","Grass",10,"None","Digestate","None",15.8,3.28,17
"0080-1980",1980,"Summer, before winter rapeseed","Closed slot injection","None",0,"None","Digestate","None",16,3.39,2.6
"0080-1990",1990,"Summer, before winter rapeseed","Closed slot injection","None",0,"None","Digestate","None",17.4,3.1,2.6
"0080-2000",2000,"Summer, before winter rapeseed","Closed slot injection","None",0,"None","Digestate","None",17.8,2.99,2.6
"0080-2010",2010,"Summer, before winter rapeseed","Closed slot injection","None",0,"None","Digestate","None",17.5,3.1,2.6
"0081-1980",1980,"Autumn","Open slot injection","Grass",10,"None","Digestate","None",13.6,3.45,17
"0081-1990",1990,"Autumn","Open slot injection","Grass",10,"None","Digestate","None",13.7,3.33,17
"0081-2000",2000,"Autumn","Open slot injection","Grass",10,"None","Digestate","None",14.6,3.33,17
"0081-2010",2010,"Autumn","Open slot injection","Grass",10,"None","Digestate","None",14.6,3.45,17
"0082-1980",1980,"Autumn","Closed slot injection","None",0,"None","Digestate","None",13.6,3.45,2.6
"0082-1990",1990,"Autumn","Closed slot injection","None",0,"None","Digestate","None",13.7,3.33,2.6
"0082-2000",2000,"Autumn","Closed slot injection","None",0,"None","Digestate","None",14.6,3.33,2.6
"0082-2010",2010,"Autumn","Closed slot injection","None",0,"None","Digestate","None",14.6,3.45,2.6
"0083-1980",1980,"March","Trailing hose","None",0,"24.0","Digestate","None",3.3,4.37,19
"0083-1990",1990,"March","Trailing hose","None",0,"24.0","Digestate","None",4.4,4.48,20
"0083-2000",2000,"March","Trailing hose","None",0,"24.0","Digestate","None",4,4.02,19
"0083-2010",2010,"March","Trailing hose","None",0,"24.0","Digestate","None",4.9,4.02,20
"0084-1980",1980,"March","Trailing hose","None",0,"12.0","Digestate","None",3.3,4.37,15
"0084-1990",1990,"March","Trailing hose","None",0,"12.0","Digestate","None",4.4,4.48,17
"0084-2000",2000,"March","Trailing hose","None",0,"12.0","Digestate","None",4,4.02,15
"0084-2010",2010,"March","Trailing hose","None",0,"12.0","Digestate","None",4.9,4.02,16
"0085-1980",1980,"March","Trailing hose","None",0,"6.0","Digestate","None",3.3,4.37,10
"0085-1990",1990,"March","Trailing hose","None",0,"6.0","Digestate","None",4.4,4.48,12
"0085-2000",2000,"March","Trailing hose","None",0,"6.0","Digestate","None",4,4.02,10
"0085-2010",2010,"March","Trailing hose","None",0,"6.0","Digestate","None",4.9,4.02,11
"0086-1980",1980,"March","Trailing hose","None",0,"4.0","Digestate","None",3.3,4.37,7.8
"0086-1990",1990,"March","Trailing hose","None",0,"4.0","Digestate","None",4.4,4.48,9.1
"0086-2000",2000,"March","Trailing hose","None",0,"4.0","Digestate","None",4,4.02,7.8
"0086-2010",2010,"March","Trailing hose","None",0,"4.0","Digestate","None",4.9,4.02,8.7
"0087-1980",1980,"April","Trailing hose","None",0,"24.0","Digestate","None",6.8,3.79,21
"0087-1990",1990,"April","Trailing hose","None",0,"24.0","Digestate","None",7.6,4.02,21
"0087-2000",2000,"April","Trailing hose","None",0,"24.0","Digestate","None",8.5,3.45,21
"0087-2010",2010,"April","Trailing hose","None",0,"24.0","Digestate","None",8.5,3.91,21
"0088-1980",1980,"April","Trailing hose","None",0,"12.0","Digestate","None",6.8,3.79,18
"0088-1990",1990,"April","Trailing hose","None",0,"12.0","Digestate","None",7.6,4.02,19
"0088-2000",2000,"April","Trailing hose","None",0,"12.0","Digestate","None",8.5,3.45,19
"0088-2010",2010,"April","Trailing hose","None",0,"12.0","Digestate","None",8.5,3.91,20
"0089-1980",1980,"April","Trailing hose","None",0,"6.0","Digestate","None",6.8,3.79,13
"0089-1990",1990,"April","Trailing hose","None",0,"6.0","Digestate","None",7.6,4.02,15
"0089-2000",2000,"April","Trailing hose","None",0,"6.0","Digestate","None",8.5,3.45,14
"0089-2010",2010,"April","Trailing hose","None",0,"6.0","Digestate","None",8.5,3.91,15
"0090-1980",1980,"April","Trailing hose","None",0,"4.0","Digestate","None",6.8,3.79,10
"0090-1990",1990,"April","Trailing hose","None",0,"4.0","Digestate","None",7.6,4.02,12
"0090-2000",2000,"April","Trailing hose","None",0,"4.0","Digestate","None",8.5,3.45,11
"0090-2010",2010,"April","Trailing hose","None",0,"4.0","Digestate","None",8.5,3.91,13
"0091-1980",1980,"March","Trailing hose","Winter cereal",15,"None","Digestate","None",3.3,4.37,28
"0091-1990",1990,"March","Trailing hose","Winter cereal",15,"None","Digestate","None",4.4,4.48,28
"0091-2000",2000,"March","Trailing hose","Winter cereal",15,"None","Digestate","None",4,4.02,28
"0091-2010",2010,"March","Trailing hose","Winter cereal",15,"None","Digestate","None",4.9,4.02,28
"0092-1980",1980,"April","Trailing hose","Winter cereal",25,"None","Digestate","None",6.8,3.79,29
"0092-1990",1990,"April","Trailing hose","Winter cereal",25,"None","Digestate","None",7.6,4.02,29
"0092-2000",2000,"April","Trailing hose","Winter cereal",25,"None","Digestate","None",8.5,3.45,29
"0092-2010",2010,"April","Trailing hose","Winter cereal",25,"None","Digestate","None",8.5,3.91,29
"0093-1980",1980,"May","Trailing hose","Spring cereal",15,"None","Digestate","None",12,3.68,30
"0093-1990",1990,"May","Trailing hose","Spring cereal",15,"None","Digestate","None",11.7,3.45,30
"0093-2000",2000,"May","Trailing hose","Spring cereal",15,"None","Digestate","None",12.5,3.33,30
"0093-2010",2010,"May","Trailing hose","Spring cereal",15,"None","Digestate","None",12.4,3.56,30
"0094-1980",1980,"Summer","Trailing hose","Grass",10,"None","Digestate","None",15.6,3.18,30
"0094-1990",1990,"Summer","Trailing hose","Grass",10,"None","Digestate","None",16.4,3.18,30
"0094-2000",2000,"Summer","Trailing hose","Grass",10,"None","Digestate","None",16.9,3.1,30
"0094-2010",2010,"Summer","Trailing hose","Grass",10,"None","Digestate","None",16.9,3.18,30
"0095-1980",1980,"Summer","Trailing hose","None",0,"24.0","Digestate","None",15.6,3.18,23
"0095-1990",1990,"Summer","Trailing hose","None",0,"24.0","Digestate","None",16.4,3.18,23
"0095-2000",2000,"Summer","Trailing hose","None",0,"24.0","Digestate","None",16.9,3.1,23
"0095-2010",2010,"Summer","Trailing hose","None",0,"24.0","Digestate","None",16.9,3.18,23
"0096-1980",1980,"Summer","Trailing hose","None",0,"12.0","Digestate","None",15.6,3.18,22
"0096-1990",1990,"Summer","Trailing hose","None",0,"12.0","Digestate","None",16.4,3.18,22
"0096-2000",2000,"Summer","Trailing hose","None",0,"12.0","Digestate","None",16.9,3.1,22
"0096-2010",2010,"Summer","Trailing hose","None",0,"12.0","Digestate","None",16.9,3.18,22
"0097-1980",1980,"Summer","Trailing hose","None",0,"6.0","Digestate","None",15.6,3.18,21
"0097-1990",1990,"Summer","Trailing hose","None",0,"6.0","Digestate","None",16.4,3.18,21
"0097-2000",2000,"Summer","Trailing hose","None",0,"6.0","Digestate","None",16.9,3.1,21
"0097-2010",2010,"Summer","Trailing hose","None",0,"6.0","Digestate","None",16.9,3.18,21
"0098-1980",1980,"Summer","Trailing hose","None",0,"4.0","Digestate","None",15.6,3.18,19
"0098-1990",1990,"Summer","Trailing hose","None",0,"4.0","Digestate","None",16.4,3.18,20
"0098-2000",2000,"Summer","Trailing hose","None",0,"4.0","Digestate","None",16.9,3.1,20
"0098-2010",2010,"Summer","Trailing hose","None",0,"4.0","Digestate","None",16.9,3.18,20
"0099-1980",1980,"Autumn","Trailing hose","Grass",15,"None","Digestate","None",13.6,3.45,30
"0099-1990",1990,"Autumn","Trailing hose","Grass",15,"None","Digestate","None",13.7,3.33,30
"0099-2000",2000,"Autumn","Trailing hose","Grass",15,"None","Digestate","None",14.6,3.33,30
"0099-2010",2010,"Autumn","Trailing hose","Grass",15,"None","Digestate","None",14.6,3.45,30
"0100-1980",1980,"Autumn","Trailing hose","None",0,"24.0","Digestate","None",13.6,3.45,22
"0100-1990",1990,"Autumn","Trailing hose","None",0,"24.0","Digestate","None",13.7,3.33,22
"0100-2000",2000,"Autumn","Trailing hose","None",0,"24.0","Digestate","None",14.6,3.33,22
"0100-2010",2010,"Autumn","Trailing hose","None",0,"24.0","Digestate","None",14.6,3.45,23
"0101-1980",1980,"Autumn","Trailing hose","None",0,"12.0","Digestate","None",13.6,3.45,22
"0101-1990",1990,"Autumn","Trailing hose","None",0,"12.0","Digestate","None",13.7,3.33,22
"0101-2000",2000,"Autumn","Trailing hose","None",0,"12.0","Digestate","None",14.6,3.33,22
"0101-2010",2010,"Autumn","Trailing hose","None",0,"12.0","Digestate","None",14.6,3.45,22
"0102-1980",1980,"Autumn","Trailing hose","None",0,"6.0","Digestate","None",13.6,3.45,20
"0102-1990",1990,"Autumn","Trailing hose","None",0,"6.0","Digestate","None",13.7,3.33,20
"0102-2000",2000,"Autumn","Trailing hose","None",0,"6.0","Digestate","None",14.6,3.33,20
"0102-2010",2010,"Autumn","Trailing hose","None",0,"6.0","Digestate","None",14.6,3.45,21
"0103-1980",1980,"Autumn","Trailing hose","None",0,"4.0","Digestate","None",13.6,3.45,18
"0103-1990",1990,"Autumn","Trailing hose","None",0,"4.0","Digestate","None",13.7,3.33,17
"0103-2000",2000,"Autumn","Trailing hose","None",0,"4.0","Digestate","None",14.6,3.33,18
"0103-2010",2010,"Autumn","Trailing hose","None",0,"4.0","Digestate","None",14.6,3.45,19
"0104-1980",1980,"Winter-spring","Broadcast","None",0,"< 12 hours","Digestate","None",10.9,3.6,25
"0104-1990",1990,"Winter-spring","Broadcast","None",0,"< 12 hours","Digestate","None",11.3,3.59,25
"0104-2000",2000,"Winter-spring","Broadcast","None",0,"< 12 hours","Digestate","None",11.9,3.42,25
"0104-2010",2010,"Winter-spring","Broadcast","None",0,"< 12 hours","Digestate","None",12,3.53,25
"0105-1980",1980,"Winter-spring","Broadcast","None",0,"> 12 hours","Digestate","None",10.9,3.6,25
"0105-1990",1990,"Winter-spring","Broadcast","None",0,"> 12 hours","Digestate","None",11.3,3.59,25
"0105-2000",2000,"Winter-spring","Broadcast","None",0,"> 12 hours","Digestate","None",11.9,3.42,25
"0105-2010",2010,"Winter-spring","Broadcast","None",0,"> 12 hours","Digestate","None",12,3.53,25
"0106-1980",1980,"Winter-spring","Broadcast","None",0,"None","Digestate","None",10.9,3.6,50
"0106-1990",1990,"Winter-spring","Broadcast","None",0,"None","Digestate","None",11.3,3.59,50
"0106-2000",2000,"Winter-spring","Broadcast","None",0,"None","Digestate","None",11.9,3.42,50
"0106-2010",2010,"Winter-spring","Broadcast","None",0,"None","Digestate","None",12,3.53,50
"0107-1980",1980,"Spring-summer","Broadcast","Cereal and grass",15,"None","Digestate","None",13.1,3.4,50
"0107-1990",1990,"Spring-summer","Broadcast","Cereal and grass",15,"None","Digestate","None",13.7,3.4,50
"0107-2000",2000,"Spring-summer","Broadcast","Cereal and grass",15,"None","Digestate","None",14.3,3.22,50
"0107-2010",2010,"Spring-summer","Broadcast","Cereal and grass",15,"None","Digestate","None",14.3,3.4,50
"0108-1980",1980,"Late summer-autumn","Broadcast","Grass",10,"None","Digestate","None",15.2,3.41,50
"0108-1990",1990,"Late summer-autumn","Broadcast","Grass",10,"None","Digestate","None",16.1,3.18,50
"0108-2000",2000,"Late summer-autumn","Broadcast","Grass",10,"None","Digestate","None",16.7,3.1,50
"0108-2010",2010,"Late summer-autumn","Broadcast","Grass",10,"None","Digestate","None",16.6,3.22,50
"0109-1980",1980,"Late summer-autumn","Broadcast","None",0,"< 12 hours","Digestate","None",15.2,3.41,26
"0109-1990",1990,"Late summer-autumn","Broadcast","None",0,"< 12 hours","Digestate","None",16.1,3.18,26
"0109-2000",2000,"Late summer-autumn","Broadcast","None",0,"< 12 hours","Digestate","None",16.7,3.1,26
"0109-2010",2010,"Late summer-autumn","Broadcast","None",0,"< 12 hours","Digestate","None",16.6,3.22,26
"0110-1980",1980,"Late summer-autumn","Broadcast","None",0,"> 12 hours","Digestate","None",15.2,3.41,26
"0110-1990",1990,"Late summer-autumn","Broadcast","None",0,"> 12 hours","Digestate","None",16.1,3.18,26
"0110-2000",2000,"Late summer-autumn","Broadcast","None",0,"> 12 hours","Digestate","None",16.7,3.1,26
"0110-2010",2010,"Late summer-autumn","Broadcast","None",0,"> 12 hours","Digestate","None",16.6,3.22,26
"0111-1980",1980,"Late summer-autumn","Broadcast","None",0,"None","Digestate","None",15.2,3.41,50
"0111-1990",1990,"Late summer-autumn","Broadcast","None",0,"None","Digestate","None",16.1,3.18,50
"0111-2000",2000,"Late summer-autumn","Broadcast","None",0,"None","Digestate","None",16.7,3.1,50
"0111-2010",2010,"Late summer-autumn","Broadcast","None",0,"None","Digestate","None",16.6,3.22,50
"0112-1980",1980,"March","Trailing hose","None",0,"24.0","Cattle","Barn acidified",3.3,4.37,2.7
"0112-1990",1990,"March","Trailing hose","None",0,"24.0","Cattle","Barn acidified",4.4,4.48,3.2
"0112-2000",2000,"March","Trailing hose","None",0,"24.0","Cattle","Barn acidified",4,4.02,2.8
"0112-2010",2010,"March","Trailing hose","None",0,"24.0","Cattle","Barn acidified",4.9,4.02,3.1
"0113-1980",1980,"March","Trailing hose","None",0,"12.0","Cattle","Barn acidified",3.3,4.37,1.6
"0113-1990",1990,"March","Trailing hose","None",0,"12.0","Cattle","Barn acidified",4.4,4.48,2
"0113-2000",2000,"March","Trailing hose","None",0,"12.0","Cattle","Barn acidified",4,4.02,1.7
"0113-2010",2010,"March","Trailing hose","None",0,"12.0","Cattle","Barn acidified",4.9,4.02,1.9
"0114-1980",1980,"March","Trailing hose","None",0,"6.0","Cattle","Barn acidified",3.3,4.37,1
"0114-1990",1990,"March","Trailing hose","None",0,"6.0","Cattle","Barn acidified",4.4,4.48,1.2
"0114-2000",2000,"March","Trailing hose","None",0,"6.0","Cattle","Barn acidified",4,4.02,1.1
"0114-2010",2010,"March","Trailing hose","None",0,"6.0","Cattle","Barn acidified",4.9,4.02,1.2
"0115-1980",1980,"March","Trailing hose","None",0,"4.0","Cattle","Barn acidified",3.3,4.37,0.81
"0115-1990",1990,"March","Trailing hose","None",0,"4.0","Cattle","Barn acidified",4.4,4.48,0.95
"0115-2000",2000,"March","Trailing hose","None",0,"4.0","Cattle","Barn acidified",4,4.02,0.84
"0115-2010",2010,"March","Trailing hose","None",0,"4.0","Cattle","Barn acidified",4.9,4.02,0.92
"0116-1980",1980,"April","Trailing hose","None",0,"24.0","Cattle","Barn acidified",6.8,3.79,3.6
"0116-1990",1990,"April","Trailing hose","None",0,"24.0","Cattle","Barn acidified",7.6,4.02,4.4
"0116-2000",2000,"April","Trailing hose","None",0,"24.0","Cattle","Barn acidified",8.5,3.45,4.3
"0116-2010",2010,"April","Trailing hose","None",0,"24.0","Cattle","Barn acidified",8.5,3.91,4.9
"0117-1980",1980,"April","Trailing hose","None",0,"12.0","Cattle","Barn acidified",6.8,3.79,2.2
"0117-1990",1990,"April","Trailing hose","None",0,"12.0","Cattle","Barn acidified",7.6,4.02,2.6
"0117-2000",2000,"April","Trailing hose","None",0,"12.0","Cattle","Barn acidified",8.5,3.45,2.6
"0117-2010",2010,"April","Trailing hose","None",0,"12.0","Cattle","Barn acidified",8.5,3.91,2.9
"0118-1980",1980,"April","Trailing hose","None",0,"6.0","Cattle","Barn acidified",6.8,3.79,1.3
"0118-1990",1990,"April","Trailing hose","None",0,"6.0","Cattle","Barn acidified",7.6,4.02,1.6
"0118-2000",2000,"April","Trailing hose","None",0,"6.0","Cattle","Barn acidified",8.5,3.45,1.6
"0118-2010",2010,"April","Trailing hose","None",0,"6.0","Cattle","Barn acidified",8.5,3.91,1.8
"0119-1980",1980,"April","Trailing hose","None",0,"4.0","Cattle","Barn acidified",6.8,3.79,1
"0119-1990",1990,"April","Trailing hose","None",0,"4.0","Cattle","Barn acidified",7.6,4.02,1.2
"0119-2000",2000,"April","Trailing hose","None",0,"4.0","Cattle","Barn acidified",8.5,3.45,1.2
"0119-2010",2010,"April","Trailing hose","None",0,"4.0","Cattle","Barn acidified",8.5,3.91,1.4
"0120-1980",1980,"March","Trailing hose","Winter cereal",15,"None","Cattle","Barn acidified",3.3,4.37,8.7
"0120-1990",1990,"March","Trailing hose","Winter cereal",15,"None","Cattle","Barn acidified",4.4,4.48,9.8
"0120-2000",2000,"March","Trailing hose","Winter cereal",15,"None","Cattle","Barn acidified",4,4.02,8.9
"0120-2010",2010,"March","Trailing hose","Winter cereal",15,"None","Cattle","Barn acidified",4.9,4.02,9.6
"0121-1980",1980,"April","Trailing hose","Winter cereal",25,"None","Cattle","Barn acidified",6.8,3.79,11
"0121-1990",1990,"April","Trailing hose","Winter cereal",25,"None","Cattle","Barn acidified",7.6,4.02,12
"0121-2000",2000,"April","Trailing hose","Winter cereal",25,"None","Cattle","Barn acidified",8.5,3.45,12
"0121-2010",2010,"April","Trailing hose","Winter cereal",25,"None","Cattle","Barn acidified",8.5,3.91,13
"0122-1980",1980,"May","Trailing hose","Spring cereal",15,"None","Cattle","Barn acidified",12,3.68,17
"0122-1990",1990,"May","Trailing hose","Spring cereal",15,"None","Cattle","Barn acidified",11.7,3.45,16
"0122-2000",2000,"May","Trailing hose","Spring cereal",15,"None","Cattle","Barn acidified",12.5,3.33,16
"0122-2010",2010,"May","Trailing hose","Spring cereal",15,"None","Cattle","Barn acidified",12.4,3.56,17
"0123-1980",1980,"Summer","Trailing hose","Grass",10,"None","Cattle","Barn acidified",15.6,3.18,21
"0123-1990",1990,"Summer","Trailing hose","Grass",10,"None","Cattle","Barn acidified",16.4,3.18,22
"0123-2000",2000,"Summer","Trailing hose","Grass",10,"None","Cattle","Barn acidified",16.9,3.1,21
"0123-2010",2010,"Summer","Trailing hose","Grass",10,"None","Cattle","Barn acidified",16.9,3.18,22
"0124-1980",1980,"Summer","Trailing hose","None",0,"24.0","Cattle","Barn acidified",15.6,3.18,10
"0124-1990",1990,"Summer","Trailing hose","None",0,"24.0","Cattle","Barn acidified",16.4,3.18,11
"0124-2000",2000,"Summer","Trailing hose","None",0,"24.0","Cattle","Barn acidified",16.9,3.1,12
"0124-2010",2010,"Summer","Trailing hose","None",0,"24.0","Cattle","Barn acidified",16.9,3.18,12
"0125-1980",1980,"Summer","Trailing hose","None",0,"12.0","Cattle","Barn acidified",15.6,3.18,6.2
"0125-1990",1990,"Summer","Trailing hose","None",0,"12.0","Cattle","Barn acidified",16.4,3.18,7.1
"0125-2000",2000,"Summer","Trailing hose","None",0,"12.0","Cattle","Barn acidified",16.9,3.1,7.5
"0125-2010",2010,"Summer","Trailing hose","None",0,"12.0","Cattle","Barn acidified",16.9,3.18,7.6
"0126-1980",1980,"Summer","Trailing hose","None",0,"6.0","Cattle","Barn acidified",15.6,3.18,3.7
"0126-1990",1990,"Summer","Trailing hose","None",0,"6.0","Cattle","Barn acidified",16.4,3.18,4.2
"0126-2000",2000,"Summer","Trailing hose","None",0,"6.0","Cattle","Barn acidified",16.9,3.1,4.5
"0126-2010",2010,"Summer","Trailing hose","None",0,"6.0","Cattle","Barn acidified",16.9,3.18,4.5
"0127-1980",1980,"Summer","Trailing hose","None",0,"4.0","Cattle","Barn acidified",15.6,3.18,2.7
"0127-1990",1990,"Summer","Trailing hose","None",0,"4.0","Cattle","Barn acidified",16.4,3.18,3.1
"0127-2000",2000,"Summer","Trailing hose","None",0,"4.0","Cattle","Barn acidified",16.9,3.1,3.3
"0127-2010",2010,"Summer","Trailing hose","None",0,"4.0","Cattle","Barn acidified",16.9,3.18,3.3
"0128-1980",1980,"Autumn","Trailing hose","Grass",15,"None","Cattle","Barn acidified",13.6,3.45,19
"0128-1990",1990,"Autumn","Trailing hose","Grass",15,"None","Cattle","Barn acidified",13.7,3.33,18
"0128-2000",2000,"Autumn","Trailing hose","Grass",15,"None","Cattle","Barn acidified",14.6,3.33,19
"0128-2010",2010,"Autumn","Trailing hose","Grass",15,"None","Cattle","Barn acidified",14.6,3.45,19
"0129-1980",1980,"Autumn","Trailing hose","None",0,"24.0","Cattle","Barn acidified",13.6,3.45,8.3
"0129-1990",1990,"Autumn","Trailing hose","None",0,"24.0","Cattle","Barn acidified",13.7,3.33,8.3
"0129-2000",2000,"Autumn","Trailing hose","None",0,"24.0","Cattle","Barn acidified",14.6,3.33,9.4
"0129-2010",2010,"Autumn","Trailing hose","None",0,"24.0","Cattle","Barn acidified",14.6,3.45,9.7
"0130-1980",1980,"Autumn","Trailing hose","None",0,"12.0","Cattle","Barn acidified",13.6,3.45,5.1
"0130-1990",1990,"Autumn","Trailing hose","None",0,"12.0","Cattle","Barn acidified",13.7,3.33,5.1
"0130-2000",2000,"Autumn","Trailing hose","None",0,"12.0","Cattle","Barn acidified",14.6,3.33,5.8
"0130-2010",2010,"Autumn","Trailing hose","None",0,"12.0","Cattle","Barn acidified",14.6,3.45,6
"0131-1980",1980,"Autumn","Trailing hose","None",0,"6.0","Cattle","Barn acidified",13.6,3.45,3
"0131-1990",1990,"Autumn","Trailing hose","None",0,"6.0","Cattle","Barn acidified",13.7,3.33,3
"0131-2000",2000,"Autumn","Trailing hose","None",0,"6.0","Cattle","Barn acidified",14.6,3.33,3.5
"0131-2010",2010,"Autumn","Trailing hose","None",0,"6.0","Cattle","Barn acidified",14.6,3.45,3.6
"0132-1980",1980,"Autumn","Trailing hose","None",0,"4.0","Cattle","Barn acidified",13.6,3.45,2.3
"0132-1990",1990,"Autumn","Trailing hose","None",0,"4.0","Cattle","Barn acidified",13.7,3.33,2.2
"0132-2000",2000,"Autumn","Trailing hose","None",0,"4.0","Cattle","Barn acidified",14.6,3.33,2.6
"0132-2010",2010,"Autumn","Trailing hose","None",0,"4.0","Cattle","Barn acidified",14.6,3.45,2.7
"0133-1980",1980,"March","Trailing hose","None",0,"None","Cattle","Barn acidified",3.3,4.37,8.7
"0133-1990",1990,"March","Trailing hose","None",0,"None","Cattle","Barn acidified",4.4,4.48,9.8
"0133-2000",2000,"March","Trailing hose","None",0,"None","Cattle","Barn acidified",4,4.02,8.9
"0133-2010",2010,"March","Trailing hose","None",0,"None","Cattle","Barn acidified",4.9,4.02,9.6
"0134-1980",1980,"April","Trailing hose","None",0,"None","Cattle","Barn acidified",6.8,3.79,11
"0134-1990",1990,"April","Trailing hose","None",0,"None","Cattle","Barn acidified",7.6,4.02,12
"0134-2000",2000,"April","Trailing hose","None",0,"None","Cattle","Barn acidified",8.5,3.45,12
"0134-2010",2010,"April","Trailing hose","None",0,"None","Cattle","Barn acidified",8.5,3.91,13
"0135-1980",1980,"Summer","Trailing hose","None",0,"None","Cattle","Barn acidified",15.6,3.18,21
"0135-1990",1990,"Summer","Trailing hose","None",0,"None","Cattle","Barn acidified",16.4,3.18,22
"0135-2000",2000,"Summer","Trailing hose","None",0,"None","Cattle","Barn acidified",16.9,3.1,21
"0135-2010",2010,"Summer","Trailing hose","None",0,"None","Cattle","Barn acidified",16.9,3.18,22
"0136-1980",1980,"Autumn","Trailing hose","None",0,"None","Cattle","Barn acidified",13.6,3.45,19
"0136-1990",1990,"Autumn","Trailing hose","None",0,"None","Cattle","Barn acidified",13.7,3.33,18
"0136-2000",2000,"Autumn","Trailing hose","None",0,"None","Cattle","Barn acidified",14.6,3.33,19
"0136-2010",2010,"Autumn","Trailing hose","None",0,"None","Cattle","Barn acidified",14.6,3.45,19
"0137-1980",1980,"Winter-spring","Broadcast","None",0,"< 12 hours","Cattle","Barn acidified",10.9,3.6,17
"0137-1990",1990,"Winter-spring","Broadcast","None",0,"< 12 hours","Cattle","Barn acidified",11.3,3.59,17
"0137-2000",2000,"Winter-spring","Broadcast","None",0,"< 12 hours","Cattle","Barn acidified",11.9,3.42,18
"0137-2010",2010,"Winter-spring","Broadcast","None",0,"< 12 hours","Cattle","Barn acidified",12,3.53,18
"0138-1980",1980,"Winter-spring","Broadcast","None",0,"> 12 hours","Cattle","Barn acidified",10.9,3.6,17
"0138-1990",1990,"Winter-spring","Broadcast","None",0,"> 12 hours","Cattle","Barn acidified",11.3,3.59,17
"0138-2000",2000,"Winter-spring","Broadcast","None",0,"> 12 hours","Cattle","Barn acidified",11.9,3.42,18
"0138-2010",2010,"Winter-spring","Broadcast","None",0,"> 12 hours","Cattle","Barn acidified",12,3.53,18
"0139-1980",1980,"Winter-spring","Broadcast","None",0,"None","Cattle","Barn acidified",10.9,3.6,39
"0139-1990",1990,"Winter-spring","Broadcast","None",0,"None","Cattle","Barn acidified",11.3,3.59,38
"0139-2000",2000,"Winter-spring","Broadcast","None",0,"None","Cattle","Barn acidified",11.9,3.42,36
"0139-2010",2010,"Winter-spring","Broadcast","None",0,"None","Cattle","Barn acidified",12,3.53,37
"0140-1980",1980,"Spring-summer","Broadcast","Cereal and grass",15,"None","Cattle","Barn acidified",13.1,3.4,41
"0140-1990",1990,"Spring-summer","Broadcast","Cereal and grass",15,"None","Cattle","Barn acidified",13.7,3.4,40
"0140-2000",2000,"Spring-summer","Broadcast","Cereal and grass",15,"None","Cattle","Barn acidified",14.3,3.22,37
"0140-2010",2010,"Spring-summer","Broadcast","Cereal and grass",15,"None","Cattle","Barn acidified",14.3,3.4,38
"0141-1980",1980,"Late summer-autumn","Broadcast","Grass",10,"None","Cattle","Barn acidified",15.2,3.41,43
"0141-1990",1990,"Late summer-autumn","Broadcast","Grass",10,"None","Cattle","Barn acidified",16.1,3.18,42
"0141-2000",2000,"Late summer-autumn","Broadcast","Grass",10,"None","Cattle","Barn acidified",16.7,3.1,38
"0141-2010",2010,"Late summer-autumn","Broadcast","Grass",10,"None","Cattle","Barn acidified",16.6,3.22,39
"0142-1980",1980,"Late summer-autumn","Broadcast","None",0,"< 12 hours","Cattle","Barn acidified",15.2,3.41,25
"0142-1990",1990,"Late summer-autumn","Broadcast","None",0,"< 12 hours","Cattle","Barn acidified",16.1,3.18,26
"0142-2000",2000,"Late summer-autumn","Broadcast","None",0,"< 12 hours","Cattle","Barn acidified",16.7,3.1,25
"0142-2010",2010,"Late summer-autumn","Broadcast","None",0,"< 12 hours","Cattle","Barn acidified",16.6,3.22,25
"0143-1980",1980,"Late summer-autumn","Broadcast","None",0,"> 12 hours","Cattle","Barn acidified",15.2,3.41,25
"0143-1990",1990,"Late summer-autumn","Broadcast","None",0,"> 12 hours","Cattle","Barn acidified",16.1,3.18,26
"0143-2000",2000,"Late summer-autumn","Broadcast","None",0,"> 12 hours","Cattle","Barn acidified",16.7,3.1,25
"0143-2010",2010,"Late summer-autumn","Broadcast","None",0,"> 12 hours","Cattle","Barn acidified",16.6,3.22,25
"0144-1980",1980,"Late summer-autumn","Broadcast","None",0,"None","Cattle","Barn acidified",15.2,3.41,43
"0144-1990",1990,"Late summer-autumn","Broadcast","None",0,"None","Cattle","Barn acidified",16.1,3.18,42
"0144-2000",2000,"Late summer-autumn","Broadcast","None",0,"None","Cattle","Barn acidified",16.7,3.1,38
"0144-2010",2010,"Late summer-autumn","Broadcast","None",0,"None","Cattle","Barn acidified",16.6,3.22,39
"0145-1980",1980,"March","Trailing hose","None",0,"24.0","Pig","Barn acidified",3.3,4.37,2
"0145-1990",1990,"March","Trailing hose","None",0,"24.0","Pig","Barn acidified",4.4,4.48,2.3
"0145-2000",2000,"March","Trailing hose","None",0,"24.0","Pig","Barn acidified",4,4.02,2
"0145-2010",2010,"March","Trailing hose","None",0,"24.0","Pig","Barn acidified",4.9,4.02,2.2
"0146-1980",1980,"March","Trailing hose","None",0,"12.0","Pig","Barn acidified",3.3,4.37,1.2
"0146-1990",1990,"March","Trailing hose","None",0,"12.0","Pig","Barn acidified",4.4,4.48,1.4
"0146-2000",2000,"March","Trailing hose","None",0,"12.0","Pig","Barn acidified",4,4.02,1.2
"0146-2010",2010,"March","Trailing hose","None",0,"12.0","Pig","Barn acidified",4.9,4.02,1.4
"0147-1980",1980,"March","Trailing hose","None",0,"6.0","Pig","Barn acidified",3.3,4.37,0.78
"0147-1990",1990,"March","Trailing hose","None",0,"6.0","Pig","Barn acidified",4.4,4.48,0.89
"0147-2000",2000,"March","Trailing hose","None",0,"6.0","Pig","Barn acidified",4,4.02,0.8
"0147-2010",2010,"March","Trailing hose","None",0,"6.0","Pig","Barn acidified",4.9,4.02,0.86
"0148-1980",1980,"March","Trailing hose","None",0,"4.0","Pig","Barn acidified",3.3,4.37,0.62
"0148-1990",1990,"March","Trailing hose","None",0,"4.0","Pig","Barn acidified",4.4,4.48,0.71
"0148-2000",2000,"March","Trailing hose","None",0,"4.0","Pig","Barn acidified",4,4.02,0.64
"0148-2010",2010,"March","Trailing hose","None",0,"4.0","Pig","Barn acidified",4.9,4.02,0.68
"0149-1980",1980,"April","Trailing hose","None",0,"24.0","Pig","Barn acidified",6.8,3.79,2.4
"0149-1990",1990,"April","Trailing hose","None",0,"24.0","Pig","Barn acidified",7.6,4.02,2.8
"0149-2000",2000,"April","Trailing hose","None",0,"24.0","Pig","Barn acidified",8.5,3.45,2.8
"0149-2010",2010,"April","Trailing hose","None",0,"24.0","Pig","Barn acidified",8.5,3.91,3.1
"0150-1980",1980,"April","Trailing hose","None",0,"12.0","Pig","Barn acidified",6.8,3.79,1.5
"0150-1990",1990,"April","Trailing hose","None",0,"12.0","Pig","Barn acidified",7.6,4.02,1.8
"0150-2000",2000,"April","Trailing hose","None",0,"12.0","Pig","Barn acidified",8.5,3.45,1.7
"0150-2010",2010,"April","Trailing hose","None",0,"12.0","Pig","Barn acidified",8.5,3.91,1.9
"0151-1980",1980,"April","Trailing hose","None",0,"6.0","Pig","Barn acidified",6.8,3.79,0.96
"0151-1990",1990,"April","Trailing hose","None",0,"6.0","Pig","Barn acidified",7.6,4.02,1.1
"0151-2000",2000,"April","Trailing hose","None",0,"6.0","Pig","Barn acidified",8.5,3.45,1.1
"0151-2010",2010,"April","Trailing hose","None",0,"6.0","Pig","Barn acidified",8.5,3.91,1.2
"0152-1980",1980,"April","Trailing hose","None",0,"4.0","Pig","Barn acidified",6.8,3.79,0.75
"0152-1990",1990,"April","Trailing hose","None",0,"4.0","Pig","Barn acidified",7.6,4.02,0.86
"0152-2000",2000,"April","Trailing hose","None",0,"4.0","Pig","Barn acidified",8.5,3.45,0.85
"0152-2010",2010,"April","Trailing hose","None",0,"4.0","Pig","Barn acidified",8.5,3.91,0.93
"0153-1980",1980,"March","Trailing hose","Winter cereal",15,"None","Pig","Barn acidified",3.3,4.37,6.5
"0153-1990",1990,"March","Trailing hose","Winter cereal",15,"None","Pig","Barn acidified",4.4,4.48,7.1
"0153-2000",2000,"March","Trailing hose","Winter cereal",15,"None","Pig","Barn acidified",4,4.02,6.7
"0153-2010",2010,"March","Trailing hose","Winter cereal",15,"None","Pig","Barn acidified",4.9,4.02,7
"0154-1980",1980,"April","Trailing hose","Winter cereal",25,"None","Pig","Barn acidified",6.8,3.79,7.1
"0154-1990",1990,"April","Trailing hose","Winter cereal",25,"None","Pig","Barn acidified",7.6,4.02,7.8
"0154-2000",2000,"April","Trailing hose","Winter cereal",25,"None","Pig","Barn acidified",8.5,3.45,7.8
"0154-2010",2010,"April","Trailing hose","Winter cereal",25,"None","Pig","Barn acidified",8.5,3.91,8.2
"0155-1980",1980,"May","Trailing hose","Spring cereal",15,"None","Pig","Barn acidified",12,3.68,8.4
"0155-1990",1990,"May","Trailing hose","Spring cereal",15,"None","Pig","Barn acidified",11.7,3.45,8.8
"0155-2000",2000,"May","Trailing hose","Spring cereal",15,"None","Pig","Barn acidified",12.5,3.33,9.2
"0155-2010",2010,"May","Trailing hose","Spring cereal",15,"None","Pig","Barn acidified",12.4,3.56,9.3
"0156-1980",1980,"Summer","Trailing hose","Grass",10,"None","Pig","Barn acidified",15.6,3.18,9
"0156-1990",1990,"Summer","Trailing hose","Grass",10,"None","Pig","Barn acidified",16.4,3.18,9.9
"0156-2000",2000,"Summer","Trailing hose","Grass",10,"None","Pig","Barn acidified",16.9,3.1,10
"0156-2010",2010,"Summer","Trailing hose","Grass",10,"None","Pig","Barn acidified",16.9,3.18,10
"0157-1980",1980,"Summer","Trailing hose","None",0,"24.0","Pig","Barn acidified",15.6,3.18,4.8
"0157-1990",1990,"Summer","Trailing hose","None",0,"24.0","Pig","Barn acidified",16.4,3.18,5.6
"0157-2000",2000,"Summer","Trailing hose","None",0,"24.0","Pig","Barn acidified",16.9,3.1,5.9
"0157-2010",2010,"Summer","Trailing hose","None",0,"24.0","Pig","Barn acidified",16.9,3.18,6
"0158-1980",1980,"Summer","Trailing hose","None",0,"12.0","Pig","Barn acidified",15.6,3.18,3.4
"0158-1990",1990,"Summer","Trailing hose","None",0,"12.0","Pig","Barn acidified",16.4,3.18,3.9
"0158-2000",2000,"Summer","Trailing hose","None",0,"12.0","Pig","Barn acidified",16.9,3.1,4.1
"0158-2010",2010,"Summer","Trailing hose","None",0,"12.0","Pig","Barn acidified",16.9,3.18,4.2
"0159-1980",1980,"Summer","Trailing hose","None",0,"6.0","Pig","Barn acidified",15.6,3.18,2.1
"0159-1990",1990,"Summer","Trailing hose","None",0,"6.0","Pig","Barn acidified",16.4,3.18,2.5
"0159-2000",2000,"Summer","Trailing hose","None",0,"6.0","Pig","Barn acidified",16.9,3.1,2.6
"0159-2010",2010,"Summer","Trailing hose","None",0,"6.0","Pig","Barn acidified",16.9,3.18,2.6
"0160-1980",1980,"Summer","Trailing hose","None",0,"4.0","Pig","Barn acidified",15.6,3.18,1.6
"0160-1990",1990,"Summer","Trailing hose","None",0,"4.0","Pig","Barn acidified",16.4,3.18,1.9
"0160-2000",2000,"Summer","Trailing hose","None",0,"4.0","Pig","Barn acidified",16.9,3.1,2
"0160-2010",2010,"Summer","Trailing hose","None",0,"4.0","Pig","Barn acidified",16.9,3.18,2
"0161-1980",1980,"Autumn","Trailing hose","Grass",15,"None","Pig","Barn acidified",13.6,3.45,8.7
"0161-1990",1990,"Autumn","Trailing hose","Grass",15,"None","Pig","Barn acidified",13.7,3.33,9.3
"0161-2000",2000,"Autumn","Trailing hose","Grass",15,"None","Pig","Barn acidified",14.6,3.33,9.8
"0161-2010",2010,"Autumn","Trailing hose","Grass",15,"None","Pig","Barn acidified",14.6,3.45,9.9
"0162-1980",1980,"Autumn","Trailing hose","None",0,"24.0","Pig","Barn acidified",13.6,3.45,4.3
"0162-1990",1990,"Autumn","Trailing hose","None",0,"24.0","Pig","Barn acidified",13.7,3.33,4.5
"0162-2000",2000,"Autumn","Trailing hose","None",0,"24.0","Pig","Barn acidified",14.6,3.33,5.1
"0162-2010",2010,"Autumn","Trailing hose","None",0,"24.0","Pig","Barn acidified",14.6,3.45,5.2
"0163-1980",1980,"Autumn","Trailing hose","None",0,"12.0","Pig","Barn acidified",13.6,3.45,2.9
"0163-1990",1990,"Autumn","Trailing hose","None",0,"12.0","Pig","Barn acidified",13.7,3.33,3
"0163-2000",2000,"Autumn","Trailing hose","None",0,"12.0","Pig","Barn acidified",14.6,3.33,3.4
"0163-2010",2010,"Autumn","Trailing hose","None",0,"12.0","Pig","Barn acidified",14.6,3.45,3.5
"0164-1980",1980,"Autumn","Trailing hose","None",0,"6.0","Pig","Barn acidified",13.6,3.45,1.8
"0164-1990",1990,"Autumn","Trailing hose","None",0,"6.0","Pig","Barn acidified",13.7,3.33,1.9
"0164-2000",2000,"Autumn","Trailing hose","None",0,"6.0","Pig","Barn acidified",14.6,3.33,2.1
"0164-2010",2010,"Autumn","Trailing hose","None",0,"6.0","Pig","Barn acidified",14.6,3.45,2.2
"0165-1980",1980,"Autumn","Trailing hose","None",0,"4.0","Pig","Barn acidified",13.6,3.45,1.4
"0165-1990",1990,"Autumn","Trailing hose","None",0,"4.0","Pig","Barn acidified",13.7,3.33,1.4
"0165-2000",2000,"Autumn","Trailing hose","None",0,"4.0","Pig","Barn acidified",14.6,3.33,1.6
"0165-2010",2010,"Autumn","Trailing hose","None",0,"4.0","Pig","Barn acidified",14.6,3.45,1.6
"0166-1980",1980,"March","Trailing hose","None",0,"None","Pig","Barn acidified",3.3,4.37,6.5
"0166-1990",1990,"March","Trailing hose","None",0,"None","Pig","Barn acidified",4.4,4.48,7.1
"0166-2000",2000,"March","Trailing hose","None",0,"None","Pig","Barn acidified",4,4.02,6.7
"0166-2010",2010,"March","Trailing hose","None",0,"None","Pig","Barn acidified",4.9,4.02,7
"0167-1980",1980,"April","Trailing hose","None",0,"None","Pig","Barn acidified",6.8,3.79,7.1
"0167-1990",1990,"April","Trailing hose","None",0,"None","Pig","Barn acidified",7.6,4.02,7.8
"0167-2000",2000,"April","Trailing hose","None",0,"None","Pig","Barn acidified",8.5,3.45,7.8
"0167-2010",2010,"April","Trailing hose","None",0,"None","Pig","Barn acidified",8.5,3.91,8.2
"0168-1980",1980,"Summer","Trailing hose","None",0,"None","Pig","Barn acidified",15.6,3.18,9
"0168-1990",1990,"Summer","Trailing hose","None",0,"None","Pig","Barn acidified",16.4,3.18,9.9
"0168-2000",2000,"Summer","Trailing hose","None",0,"None","Pig","Barn acidified",16.9,3.1,10
"0168-2010",2010,"Summer","Trailing hose","None",0,"None","Pig","Barn acidified",16.9,3.18,10
"0169-1980",1980,"Autumn","Trailing hose","None",0,"None","Pig","Barn acidified",13.6,3.45,8.7
"0169-1990",1990,"Autumn","Trailing hose","None",0,"None","Pig","Barn acidified",13.7,3.33,9.3
"0169-2000",2000,"Autumn","Trailing hose","None",0,"None","Pig","Barn acidified",14.6,3.33,9.8
"0169-2010",2010,"Autumn","Trailing hose","None",0,"None","Pig","Barn acidified",14.6,3.45,9.9
"0170-1980",1980,"Winter-spring","Broadcast","None",0,"< 12 hours","Pig","Barn acidified",10.9,3.6,7.2
"0170-1990",1990,"Winter-spring","Broadcast","None",0,"< 12 hours","Pig","Barn acidified",11.3,3.59,8
"0170-2000",2000,"Winter-spring","Broadcast","None",0,"< 12 hours","Pig","Barn acidified",11.9,3.42,8.5
"0170-2010",2010,"Winter-spring","Broadcast","None",0,"< 12 hours","Pig","Barn acidified",12,3.53,8.6
"0171-1980",1980,"Winter-spring","Broadcast","None",0,"> 12 hours","Pig","Barn acidified",10.9,3.6,7.2
"0171-1990",1990,"Winter-spring","Broadcast","None",0,"> 12 hours","Pig","Barn acidified",11.3,3.59,8
"0171-2000",2000,"Winter-spring","Broadcast","None",0,"> 12 hours","Pig","Barn acidified",11.9,3.42,8.5
"0171-2010",2010,"Winter-spring","Broadcast","None",0,"> 12 hours","Pig","Barn acidified",12,3.53,8.6
"0172-1980",1980,"Winter-spring","Broadcast","None",0,"None","Pig","Barn acidified",10.9,3.6,20
"0172-1990",1990,"Winter-spring","Broadcast","None",0,"None","Pig","Barn acidified",11.3,3.59,21
"0172-2000",2000,"Winter-spring","Broadcast","None",0,"None","Pig","Barn acidified",11.9,3.42,21
"0172-2010",2010,"Winter-spring","Broadcast","None",0,"None","Pig","Barn acidified",12,3.53,21
"0173-1980",1980,"Spring-summer","Broadcast","Cereal and grass",15,"None","Pig","Barn acidified",13.1,3.4,20
"0173-1990",1990,"Spring-summer","Broadcast","Cereal and grass",15,"None","Pig","Barn acidified",13.7,3.4,21
"0173-2000",2000,"Spring-summer","Broadcast","Cereal and grass",15,"None","Pig","Barn acidified",14.3,3.22,21
"0173-2010",2010,"Spring-summer","Broadcast","Cereal and grass",15,"None","Pig","Barn acidified",14.3,3.4,21
"0174-1980",1980,"Late summer-autumn","Broadcast","Grass",10,"None","Pig","Barn acidified",15.2,3.41,20
"0174-1990",1990,"Late summer-autumn","Broadcast","Grass",10,"None","Pig","Barn acidified",16.1,3.18,21
"0174-2000",2000,"Late summer-autumn","Broadcast","Grass",10,"None","Pig","Barn acidified",16.7,3.1,22
"0174-2010",2010,"Late summer-autumn","Broadcast","Grass",10,"None","Pig","Barn acidified",16.6,3.22,22
"0175-1980",1980,"Late summer-autumn","Broadcast","None",0,"< 12 hours","Pig","Barn acidified",15.2,3.41,8
"0175-1990",1990,"Late summer-autumn","Broadcast","None",0,"< 12 hours","Pig","Barn acidified",16.1,3.18,9.1
"0175-2000",2000,"Late summer-autumn","Broadcast","None",0,"< 12 hours","Pig","Barn acidified",16.7,3.1,9.7
"0175-2010",2010,"Late summer-autumn","Broadcast","None",0,"< 12 hours","Pig","Barn acidified",16.6,3.22,9.7
"0176-1980",1980,"Late summer-autumn","Broadcast","None",0,"> 12 hours","Pig","Barn acidified",15.2,3.41,8
"0176-1990",1990,"Late summer-autumn","Broadcast","None",0,"> 12 hours","Pig","Barn acidified",16.1,3.18,9.1
"0176-2000",2000,"Late summer-autumn","Broadcast","None",0,"> 12 hours","Pig","Barn acidified",16.7,3.1,9.7
"0176-2010",2010,"Late summer-autumn","Broadcast","None",0,"> 12 hours","Pig","Barn acidified",16.6,3.22,9.7
"0177-1980",1980,"Late summer-autumn","Broadcast","None",0,"None","Pig","Barn acidified",15.2,3.41,20
"0177-1990",1990,"Late summer-autumn","Broadcast","None",0,"None","Pig","Barn acidified",16.1,3.18,21
"0177-2000",2000,"Late summer-autumn","Broadcast","None",0,"None","Pig","Barn acidified",16.7,3.1,22
"0177-2010",2010,"Late summer-autumn","Broadcast","None",0,"None","Pig","Barn acidified",16.6,3.22,22
"0178-1980",1980,"March","Trailing hose","None",0,"24.0","Cattle","Field acidified",3.3,4.37,4.5
"0178-1990",1990,"March","Trailing hose","None",0,"24.0","Cattle","Field acidified",4.4,4.48,5.4
"0178-2000",2000,"March","Trailing hose","None",0,"24.0","Cattle","Field acidified",4,4.02,4.6
"0178-2010",2010,"March","Trailing hose","None",0,"24.0","Cattle","Field acidified",4.9,4.02,5.2
"0179-1980",1980,"March","Trailing hose","None",0,"12.0","Cattle","Field acidified",3.3,4.37,2.7
"0179-1990",1990,"March","Trailing hose","None",0,"12.0","Cattle","Field acidified",4.4,4.48,3.3
"0179-2000",2000,"March","Trailing hose","None",0,"12.0","Cattle","Field acidified",4,4.02,2.8
"0179-2010",2010,"March","Trailing hose","None",0,"12.0","Cattle","Field acidified",4.9,4.02,3.2
"0180-1980",1980,"March","Trailing hose","None",0,"6.0","Cattle","Field acidified",3.3,4.37,1.7
"0180-1990",1990,"March","Trailing hose","None",0,"6.0","Cattle","Field acidified",4.4,4.48,2
"0180-2000",2000,"March","Trailing hose","None",0,"6.0","Cattle","Field acidified",4,4.02,1.7
"0180-2010",2010,"March","Trailing hose","None",0,"6.0","Cattle","Field acidified",4.9,4.02,1.9
"0181-1980",1980,"March","Trailing hose","None",0,"4.0","Cattle","Field acidified",3.3,4.37,1.3
"0181-1990",1990,"March","Trailing hose","None",0,"4.0","Cattle","Field acidified",4.4,4.48,1.5
"0181-2000",2000,"March","Trailing hose","None",0,"4.0","Cattle","Field acidified",4,4.02,1.3
"0181-2010",2010,"March","Trailing hose","None",0,"4.0","Cattle","Field acidified",4.9,4.02,1.5
"0182-1980",1980,"April","Trailing hose","None",0,"24.0","Cattle","Field acidified",6.8,3.79,6.1
"0182-1990",1990,"April","Trailing hose","None",0,"24.0","Cattle","Field acidified",7.6,4.02,7.3
"0182-2000",2000,"April","Trailing hose","None",0,"24.0","Cattle","Field acidified",8.5,3.45,7.2
"0182-2010",2010,"April","Trailing hose","None",0,"24.0","Cattle","Field acidified",8.5,3.91,8.1
"0183-1980",1980,"April","Trailing hose","None",0,"12.0","Cattle","Field acidified",6.8,3.79,3.7
"0183-1990",1990,"April","Trailing hose","None",0,"12.0","Cattle","Field acidified",7.6,4.02,4.4
"0183-2000",2000,"April","Trailing hose","None",0,"12.0","Cattle","Field acidified",8.5,3.45,4.4
"0183-2010",2010,"April","Trailing hose","None",0,"12.0","Cattle","Field acidified",8.5,3.91,5
"0184-1980",1980,"April","Trailing hose","None",0,"6.0","Cattle","Field acidified",6.8,3.79,2.2
"0184-1990",1990,"April","Trailing hose","None",0,"6.0","Cattle","Field acidified",7.6,4.02,2.7
"0184-2000",2000,"April","Trailing hose","None",0,"6.0","Cattle","Field acidified",8.5,3.45,2.6
"0184-2010",2010,"April","Trailing hose","None",0,"6.0","Cattle","Field acidified",8.5,3.91,3
"0185-1980",1980,"April","Trailing hose","None",0,"4.0","Cattle","Field acidified",6.8,3.79,1.7
"0185-1990",1990,"April","Trailing hose","None",0,"4.0","Cattle","Field acidified",7.6,4.02,2
"0185-2000",2000,"April","Trailing hose","None",0,"4.0","Cattle","Field acidified",8.5,3.45,2
"0185-2010",2010,"April","Trailing hose","None",0,"4.0","Cattle","Field acidified",8.5,3.91,2.2
"0186-1980",1980,"March","Trailing hose","Winter cereal",15,"None","Cattle","Field acidified",3.3,4.37,13
"0186-1990",1990,"March","Trailing hose","Winter cereal",15,"None","Cattle","Field acidified",4.4,4.48,15
"0186-2000",2000,"March","Trailing hose","Winter cereal",15,"None","Cattle","Field acidified",4,4.02,13
"0186-2010",2010,"March","Trailing hose","Winter cereal",15,"None","Cattle","Field acidified",4.9,4.02,14
"0187-1980",1980,"April","Trailing hose","Winter cereal",25,"None","Cattle","Field acidified",6.8,3.79,16
"0187-1990",1990,"April","Trailing hose","Winter cereal",25,"None","Cattle","Field acidified",7.6,4.02,18
"0187-2000",2000,"April","Trailing hose","Winter cereal",25,"None","Cattle","Field acidified",8.5,3.45,17
"0187-2010",2010,"April","Trailing hose","Winter cereal",25,"None","Cattle","Field acidified",8.5,3.91,18
"0188-1980",1980,"May","Trailing hose","Spring cereal",15,"None","Cattle","Field acidified",12,3.68,23
"0188-1990",1990,"May","Trailing hose","Spring cereal",15,"None","Cattle","Field acidified",11.7,3.45,22
"0188-2000",2000,"May","Trailing hose","Spring cereal",15,"None","Cattle","Field acidified",12.5,3.33,22
"0188-2010",2010,"May","Trailing hose","Spring cereal",15,"None","Cattle","Field acidified",12.4,3.56,22
"0189-1980",1980,"Summer","Trailing hose","Grass",10,"None","Cattle","Field acidified",15.6,3.18,28
"0189-1990",1990,"Summer","Trailing hose","Grass",10,"None","Cattle","Field acidified",16.4,3.18,28
"0189-2000",2000,"Summer","Trailing hose","Grass",10,"None","Cattle","Field acidified",16.9,3.1,26
"0189-2010",2010,"Summer","Trailing hose","Grass",10,"None","Cattle","Field acidified",16.9,3.18,27
"0190-1980",1980,"Summer","Trailing hose","None",0,"24.0","Cattle","Field acidified",15.6,3.18,16
"0190-1990",1990,"Summer","Trailing hose","None",0,"24.0","Cattle","Field acidified",16.4,3.18,18
"0190-2000",2000,"Summer","Trailing hose","None",0,"24.0","Cattle","Field acidified",16.9,3.1,18
"0190-2010",2010,"Summer","Trailing hose","None",0,"24.0","Cattle","Field acidified",16.9,3.18,18
"0191-1980",1980,"Summer","Trailing hose","None",0,"12.0","Cattle","Field acidified",15.6,3.18,10
"0191-1990",1990,"Summer","Trailing hose","None",0,"12.0","Cattle","Field acidified",16.4,3.18,12
"0191-2000",2000,"Summer","Trailing hose","None",0,"12.0","Cattle","Field acidified",16.9,3.1,12
"0191-2010",2010,"Summer","Trailing hose","None",0,"12.0","Cattle","Field acidified",16.9,3.18,12
"0192-1980",1980,"Summer","Trailing hose","None",0,"6.0","Cattle","Field acidified",15.6,3.18,6.2
"0192-1990",1990,"Summer","Trailing hose","None",0,"6.0","Cattle","Field acidified",16.4,3.18,7.1
"0192-2000",2000,"Summer","Trailing hose","None",0,"6.0","Cattle","Field acidified",16.9,3.1,7.4
"0192-2010",2010,"Summer","Trailing hose","None",0,"6.0","Cattle","Field acidified",16.9,3.18,7.5
"0193-1980",1980,"Summer","Trailing hose","None",0,"4.0","Cattle","Field acidified",15.6,3.18,4.6
"0193-1990",1990,"Summer","Trailing hose","None",0,"4.0","Cattle","Field acidified",16.4,3.18,5.2
"0193-2000",2000,"Summer","Trailing hose","None",0,"4.0","Cattle","Field acidified",16.9,3.1,5.5
"0193-2010",2010,"Summer","Trailing hose","None",0,"4.0","Cattle","Field acidified",16.9,3.18,5.6
"0194-1980",1980,"Autumn","Trailing hose","Grass",15,"None","Cattle","Field acidified",13.6,3.45,25
"0194-1990",1990,"Autumn","Trailing hose","Grass",15,"None","Cattle","Field acidified",13.7,3.33,25
"0194-2000",2000,"Autumn","Trailing hose","Grass",15,"None","Cattle","Field acidified",14.6,3.33,24
"0194-2010",2010,"Autumn","Trailing hose","Grass",15,"None","Cattle","Field acidified",14.6,3.45,25
"0195-1980",1980,"Autumn","Trailing hose","None",0,"24.0","Cattle","Field acidified",13.6,3.45,14
"0195-1990",1990,"Autumn","Trailing hose","None",0,"24.0","Cattle","Field acidified",13.7,3.33,13
"0195-2000",2000,"Autumn","Trailing hose","None",0,"24.0","Cattle","Field acidified",14.6,3.33,15
"0195-2010",2010,"Autumn","Trailing hose","None",0,"24.0","Cattle","Field acidified",14.6,3.45,15
"0196-1980",1980,"Autumn","Trailing hose","None",0,"12.0","Cattle","Field acidified",13.6,3.45,8.6
"0196-1990",1990,"Autumn","Trailing hose","None",0,"12.0","Cattle","Field acidified",13.7,3.33,8.5
"0196-2000",2000,"Autumn","Trailing hose","None",0,"12.0","Cattle","Field acidified",14.6,3.33,9.6
"0196-2010",2010,"Autumn","Trailing hose","None",0,"12.0","Cattle","Field acidified",14.6,3.45,9.9
"0197-1980",1980,"Autumn","Trailing hose","None",0,"6.0","Cattle","Field acidified",13.6,3.45,5.1
"0197-1990",1990,"Autumn","Trailing hose","None",0,"6.0","Cattle","Field acidified",13.7,3.33,5.1
"0197-2000",2000,"Autumn","Trailing hose","None",0,"6.0","Cattle","Field acidified",14.6,3.33,5.8
"0197-2010",2010,"Autumn","Trailing hose","None",0,"6.0","Cattle","Field acidified",14.6,3.45,6
"0198-1980",1980,"Autumn","Trailing hose","None",0,"4.0","Cattle","Field acidified",13.6,3.45,3.8
"0198-1990",1990,"Autumn","Trailing hose","None",0,"4.0","Cattle","Field acidified",13.7,3.33,3.7
"0198-2000",2000,"Autumn","Trailing hose","None",0,"4.0","Cattle","Field acidified",14.6,3.33,4.3
"0198-2010",2010,"Autumn","Trailing hose","None",0,"4.0","Cattle","Field acidified",14.6,3.45,4.4
"0199-1980",1980,"March","Trailing hose","None",0,"None","Cattle","Field acidified",3.3,4.37,13
"0199-1990",1990,"March","Trailing hose","None",0,"None","Cattle","Field acidified",4.4,4.48,15
"0199-2000",2000,"March","Trailing hose","None",0,"None","Cattle","Field acidified",4,4.02,13
"0199-2010",2010,"March","Trailing hose","None",0,"None","Cattle","Field acidified",4.9,4.02,14
"0200-1980",1980,"April","Trailing hose","None",0,"None","Cattle","Field acidified",6.8,3.79,16
"0200-1990",1990,"April","Trailing hose","None",0,"None","Cattle","Field acidified",7.6,4.02,18
"0200-2000",2000,"April","Trailing hose","None",0,"None","Cattle","Field acidified",8.5,3.45,17
"0200-2010",2010,"April","Trailing hose","None",0,"None","Cattle","Field acidified",8.5,3.91,18
"0201-1980",1980,"Summer","Trailing hose","None",0,"None","Cattle","Field acidified",15.6,3.18,28
"0201-1990",1990,"Summer","Trailing hose","None",0,"None","Cattle","Field acidified",16.4,3.18,28
"0201-2000",2000,"Summer","Trailing hose","None",0,"None","Cattle","Field acidified",16.9,3.1,26
"0201-2010",2010,"Summer","Trailing hose","None",0,"None","Cattle","Field acidified",16.9,3.18,27
"0202-1980",1980,"Autumn","Trailing hose","None",0,"None","Cattle","Field acidified",13.6,3.45,25
"0202-1990",1990,"Autumn","Trailing hose","None",0,"None","Cattle","Field acidified",13.7,3.33,25
"0202-2000",2000,"Autumn","Trailing hose","None",0,"None","Cattle","Field acidified",14.6,3.33,24
"0202-2010",2010,"Autumn","Trailing hose","None",0,"None","Cattle","Field acidified",14.6,3.45,25
"0203-1980",1980,"Winter-spring","Broadcast","None",0,"< 12 hours","Cattle","Field acidified",10.9,3.6,25
"0203-1990",1990,"Winter-spring","Broadcast","None",0,"< 12 hours","Cattle","Field acidified",11.3,3.59,25
"0203-2000",2000,"Winter-spring","Broadcast","None",0,"< 12 hours","Cattle","Field acidified",11.9,3.42,25
"0203-2010",2010,"Winter-spring","Broadcast","None",0,"< 12 hours","Cattle","Field acidified",12,3.53,25
"0204-1980",1980,"Winter-spring","Broadcast","None",0,"> 12 hours","Cattle","Field acidified",10.9,3.6,25
"0204-1990",1990,"Winter-spring","Broadcast","None",0,"> 12 hours","Cattle","Field acidified",11.3,3.59,25
"0204-2000",2000,"Winter-spring","Broadcast","None",0,"> 12 hours","Cattle","Field acidified",11.9,3.42,25
"0204-2010",2010,"Winter-spring","Broadcast","None",0,"> 12 hours","Cattle","Field acidified",12,3.53,25
"0205-1980",1980,"Winter-spring","Broadcast","None",0,"None","Cattle","Field acidified",10.9,3.6,45
"0205-1990",1990,"Winter-spring","Broadcast","None",0,"None","Cattle","Field acidified",11.3,3.59,44
"0205-2000",2000,"Winter-spring","Broadcast","None",0,"None","Cattle","Field acidified",11.9,3.42,41
"0205-2010",2010,"Winter-spring","Broadcast","None",0,"None","Cattle","Field acidified",12,3.53,41
"0206-1980",1980,"Spring-summer","Broadcast","Cereal and grass",15,"None","Cattle","Field acidified",13.1,3.4,46
"0206-1990",1990,"Spring-summer","Broadcast","Cereal and grass",15,"None","Cattle","Field acidified",13.7,3.4,45
"0206-2000",2000,"Spring-summer","Broadcast","Cereal and grass",15,"None","Cattle","Field acidified",14.3,3.22,41
"0206-2010",2010,"Spring-summer","Broadcast","Cereal and grass",15,"None","Cattle","Field acidified",14.3,3.4,42
"0207-1980",1980,"Late summer-autumn","Broadcast","Grass",10,"None","Cattle","Field acidified",15.2,3.41,47
"0207-1990",1990,"Late summer-autumn","Broadcast","Grass",10,"None","Cattle","Field acidified",16.1,3.18,46
"0207-2000",2000,"Late summer-autumn","Broadcast","Grass",10,"None","Cattle","Field acidified",16.7,3.1,42
"0207-2010",2010,"Late summer-autumn","Broadcast","Grass",10,"None","Cattle","Field acidified",16.6,3.22,43
"0208-1980",1980,"Late summer-autumn","Broadcast","None",0,"< 12 hours","Cattle","Field acidified",15.2,3.41,33
"0208-1990",1990,"Late summer-autumn","Broadcast","None",0,"< 12 hours","Cattle","Field acidified",16.1,3.18,33
"0208-2000",2000,"Late summer-autumn","Broadcast","None",0,"< 12 hours","Cattle","Field acidified",16.7,3.1,30
"0208-2010",2010,"Late summer-autumn","Broadcast","None",0,"< 12 hours","Cattle","Field acidified",16.6,3.22,31
"0209-1980",1980,"Late summer-autumn","Broadcast","None",0,"> 12 hours","Cattle","Field acidified",15.2,3.41,33
"0209-1990",1990,"Late summer-autumn","Broadcast","None",0,"> 12 hours","Cattle","Field acidified",16.1,3.18,33
"0209-2000",2000,"Late summer-autumn","Broadcast","None",0,"> 12 hours","Cattle","Field acidified",16.7,3.1,30
"0209-2010",2010,"Late summer-autumn","Broadcast","None",0,"> 12 hours","Cattle","Field acidified",16.6,3.22,31
"0210-1980",1980,"Late summer-autumn","Broadcast","None",0,"None","Cattle","Field acidified",15.2,3.41,47
"0210-1990",1990,"Late summer-autumn","Broadcast","None",0,"None","Cattle","Field acidified",16.1,3.18,46
"0210-2000",2000,"Late summer-autumn","Broadcast","None",0,"None","Cattle","Field acidified",16.7,3.1,42
"0210-2010",2010,"Late summer-autumn","Broadcast","None",0,"None","Cattle","Field acidified",16.6,3.22,43
"0211-1980",1980,"March","Trailing hose","None",0,"24.0","Pig","Field acidified",3.3,4.37,2.9
"0211-1990",1990,"March","Trailing hose","None",0,"24.0","Pig","Field acidified",4.4,4.48,3.5
"0211-2000",2000,"March","Trailing hose","None",0,"24.0","Pig","Field acidified",4,4.02,3.1
"0211-2010",2010,"March","Trailing hose","None",0,"24.0","Pig","Field acidified",4.9,4.02,3.4
"0212-1980",1980,"March","Trailing hose","None",0,"12.0","Pig","Field acidified",3.3,4.37,1.9
"0212-1990",1990,"March","Trailing hose","None",0,"12.0","Pig","Field acidified",4.4,4.48,2.2
"0212-2000",2000,"March","Trailing hose","None",0,"12.0","Pig","Field acidified",4,4.02,1.9
"0212-2010",2010,"March","Trailing hose","None",0,"12.0","Pig","Field acidified",4.9,4.02,2.1
"0213-1980",1980,"March","Trailing hose","None",0,"6.0","Pig","Field acidified",3.3,4.37,1.2
"0213-1990",1990,"March","Trailing hose","None",0,"6.0","Pig","Field acidified",4.4,4.48,1.4
"0213-2000",2000,"March","Trailing hose","None",0,"6.0","Pig","Field acidified",4,4.02,1.2
"0213-2010",2010,"March","Trailing hose","None",0,"6.0","Pig","Field acidified",4.9,4.02,1.3
"0214-1980",1980,"March","Trailing hose","None",0,"4.0","Pig","Field acidified",3.3,4.37,0.92
"0214-1990",1990,"March","Trailing hose","None",0,"4.0","Pig","Field acidified",4.4,4.48,1.1
"0214-2000",2000,"March","Trailing hose","None",0,"4.0","Pig","Field acidified",4,4.02,0.95
"0214-2010",2010,"March","Trailing hose","None",0,"4.0","Pig","Field acidified",4.9,4.02,1
"0215-1980",1980,"April","Trailing hose","None",0,"24.0","Pig","Field acidified",6.8,3.79,3.6
"0215-1990",1990,"April","Trailing hose","None",0,"24.0","Pig","Field acidified",7.6,4.02,4.3
"0215-2000",2000,"April","Trailing hose","None",0,"24.0","Pig","Field acidified",8.5,3.45,4.3
"0215-2010",2010,"April","Trailing hose","None",0,"24.0","Pig","Field acidified",8.5,3.91,4.7
"0216-1980",1980,"April","Trailing hose","None",0,"12.0","Pig","Field acidified",6.8,3.79,2.3
"0216-1990",1990,"April","Trailing hose","None",0,"12.0","Pig","Field acidified",7.6,4.02,2.8
"0216-2000",2000,"April","Trailing hose","None",0,"12.0","Pig","Field acidified",8.5,3.45,2.7
"0216-2010",2010,"April","Trailing hose","None",0,"12.0","Pig","Field acidified",8.5,3.91,3
"0217-1980",1980,"April","Trailing hose","None",0,"6.0","Pig","Field acidified",6.8,3.79,1.5
"0217-1990",1990,"April","Trailing hose","None",0,"6.0","Pig","Field acidified",7.6,4.02,1.7
"0217-2000",2000,"April","Trailing hose","None",0,"6.0","Pig","Field acidified",8.5,3.45,1.7
"0217-2010",2010,"April","Trailing hose","None",0,"6.0","Pig","Field acidified",8.5,3.91,1.9
"0218-1980",1980,"April","Trailing hose","None",0,"4.0","Pig","Field acidified",6.8,3.79,1.1
"0218-1990",1990,"April","Trailing hose","None",0,"4.0","Pig","Field acidified",7.6,4.02,1.3
"0218-2000",2000,"April","Trailing hose","None",0,"4.0","Pig","Field acidified",8.5,3.45,1.3
"0218-2010",2010,"April","Trailing hose","None",0,"4.0","Pig","Field acidified",8.5,3.91,1.4
"0219-1980",1980,"March","Trailing hose","Winter cereal",15,"None","Pig","Field acidified",3.3,4.37,8.5
"0219-1990",1990,"March","Trailing hose","Winter cereal",15,"None","Pig","Field acidified",4.4,4.48,9.2
"0219-2000",2000,"March","Trailing hose","Winter cereal",15,"None","Pig","Field acidified",4,4.02,8.9
"0219-2010",2010,"March","Trailing hose","Winter cereal",15,"None","Pig","Field acidified",4.9,4.02,9.2
"0220-1980",1980,"April","Trailing hose","Winter cereal",25,"None","Pig","Field acidified",6.8,3.79,9.1
"0220-1990",1990,"April","Trailing hose","Winter cereal",25,"None","Pig","Field acidified",7.6,4.02,9.9
"0220-2000",2000,"April","Trailing hose","Winter cereal",25,"None","Pig","Field acidified",8.5,3.45,10
"0220-2010",2010,"April","Trailing hose","Winter cereal",25,"None","Pig","Field acidified",8.5,3.91,10
"0221-1980",1980,"May","Trailing hose","Spring cereal",15,"None","Pig","Field acidified",12,3.68,10
"0221-1990",1990,"May","Trailing hose","Spring cereal",15,"None","Pig","Field acidified",11.7,3.45,11
"0221-2000",2000,"May","Trailing hose","Spring cereal",15,"None","Pig","Field acidified",12.5,3.33,11
"0221-2010",2010,"May","Trailing hose","Spring cereal",15,"None","Pig","Field acidified",12.4,3.56,11
"0222-1980",1980,"Summer","Trailing hose","Grass",10,"None","Pig","Field acidified",15.6,3.18,11
"0222-1990",1990,"Summer","Trailing hose","Grass",10,"None","Pig","Field acidified",16.4,3.18,12
"0222-2000",2000,"Summer","Trailing hose","Grass",10,"None","Pig","Field acidified",16.9,3.1,12
"0222-2010",2010,"Summer","Trailing hose","Grass",10,"None","Pig","Field acidified",16.9,3.18,12
"0223-1980",1980,"Summer","Trailing hose","None",0,"24.0","Pig","Field acidified",15.6,3.18,6.2
"0223-1990",1990,"Summer","Trailing hose","None",0,"24.0","Pig","Field acidified",16.4,3.18,7.2
"0223-2000",2000,"Summer","Trailing hose","None",0,"24.0","Pig","Field acidified",16.9,3.1,7.7
"0223-2010",2010,"Summer","Trailing hose","None",0,"24.0","Pig","Field acidified",16.9,3.18,7.7
"0224-1980",1980,"Summer","Trailing hose","None",0,"12.0","Pig","Field acidified",15.6,3.18,4.8
"0224-1990",1990,"Summer","Trailing hose","None",0,"12.0","Pig","Field acidified",16.4,3.18,5.6
"0224-2000",2000,"Summer","Trailing hose","None",0,"12.0","Pig","Field acidified",16.9,3.1,6
"0224-2010",2010,"Summer","Trailing hose","None",0,"12.0","Pig","Field acidified",16.9,3.18,6
"0225-1980",1980,"Summer","Trailing hose","None",0,"6.0","Pig","Field acidified",15.6,3.18,3.3
"0225-1990",1990,"Summer","Trailing hose","None",0,"6.0","Pig","Field acidified",16.4,3.18,3.8
"0225-2000",2000,"Summer","Trailing hose","None",0,"6.0","Pig","Field acidified",16.9,3.1,4
"0225-2010",2010,"Summer","Trailing hose","None",0,"6.0","Pig","Field acidified",16.9,3.18,4.1
"0226-1980",1980,"Summer","Trailing hose","None",0,"4.0","Pig","Field acidified",15.6,3.18,2.5
"0226-1990",1990,"Summer","Trailing hose","None",0,"4.0","Pig","Field acidified",16.4,3.18,2.9
"0226-2000",2000,"Summer","Trailing hose","None",0,"4.0","Pig","Field acidified",16.9,3.1,3.1
"0226-2010",2010,"Summer","Trailing hose","None",0,"4.0","Pig","Field acidified",16.9,3.18,3.1
"0227-1980",1980,"Autumn","Trailing hose","Grass",15,"None","Pig","Field acidified",13.6,3.45,10
"0227-1990",1990,"Autumn","Trailing hose","Grass",15,"None","Pig","Field acidified",13.7,3.33,11
"0227-2000",2000,"Autumn","Trailing hose","Grass",15,"None","Pig","Field acidified",14.6,3.33,12
"0227-2010",2010,"Autumn","Trailing hose","Grass",15,"None","Pig","Field acidified",14.6,3.45,12
"0228-1980",1980,"Autumn","Trailing hose","None",0,"24.0","Pig","Field acidified",13.6,3.45,5.8
"0228-1990",1990,"Autumn","Trailing hose","None",0,"24.0","Pig","Field acidified",13.7,3.33,6.3
"0228-2000",2000,"Autumn","Trailing hose","None",0,"24.0","Pig","Field acidified",14.6,3.33,6.9
"0228-2010",2010,"Autumn","Trailing hose","None",0,"24.0","Pig","Field acidified",14.6,3.45,7
"0229-1980",1980,"Autumn","Trailing hose","None",0,"12.0","Pig","Field acidified",13.6,3.45,4.3
"0229-1990",1990,"Autumn","Trailing hose","None",0,"12.0","Pig","Field acidified",13.7,3.33,4.5
"0229-2000",2000,"Autumn","Trailing hose","None",0,"12.0","Pig","Field acidified",14.6,3.33,5.1
"0229-2010",2010,"Autumn","Trailing hose","None",0,"12.0","Pig","Field acidified",14.6,3.45,5.2
"0230-1980",1980,"Autumn","Trailing hose","None",0,"6.0","Pig","Field acidified",13.6,3.45,2.8
"0230-1990",1990,"Autumn","Trailing hose","None",0,"6.0","Pig","Field acidified",13.7,3.33,2.9
"0230-2000",2000,"Autumn","Trailing hose","None",0,"6.0","Pig","Field acidified",14.6,3.33,3.3
"0230-2010",2010,"Autumn","Trailing hose","None",0,"6.0","Pig","Field acidified",14.6,3.45,3.4
"0231-1980",1980,"Autumn","Trailing hose","None",0,"4.0","Pig","Field acidified",13.6,3.45,2.2
"0231-1990",1990,"Autumn","Trailing hose","None",0,"4.0","Pig","Field acidified",13.7,3.33,2.2
"0231-2000",2000,"Autumn","Trailing hose","None",0,"4.0","Pig","Field acidified",14.6,3.33,2.5
"0231-2010",2010,"Autumn","Trailing hose","None",0,"4.0","Pig","Field acidified",14.6,3.45,2.6
"0232-1980",1980,"March","Trailing hose","None",0,"None","Pig","Field acidified",3.3,4.37,8.5
"0232-1990",1990,"March","Trailing hose","None",0,"None","Pig","Field acidified",4.4,4.48,9.2
"0232-2000",2000,"March","Trailing hose","None",0,"None","Pig","Field acidified",4,4.02,8.9
"0232-2010",2010,"March","Trailing hose","None",0,"None","Pig","Field acidified",4.9,4.02,9.2
"0233-1980",1980,"April","Trailing hose","None",0,"None","Pig","Field acidified",6.8,3.79,9.1
"0233-1990",1990,"April","Trailing hose","None",0,"None","Pig","Field acidified",7.6,4.02,9.9
"0233-2000",2000,"April","Trailing hose","None",0,"None","Pig","Field acidified",8.5,3.45,10
"0233-2010",2010,"April","Trailing hose","None",0,"None","Pig","Field acidified",8.5,3.91,10
"0234-1980",1980,"Summer","Trailing hose","None",0,"None","Pig","Field acidified",15.6,3.18,11
"0234-1990",1990,"Summer","Trailing hose","None",0,"None","Pig","Field acidified",16.4,3.18,12
"0234-2000",2000,"Summer","Trailing hose","None",0,"None","Pig","Field acidified",16.9,3.1,12
"0234-2010",2010,"Summer","Trailing hose","None",0,"None","Pig","Field acidified",16.9,3.18,12
"0235-1980",1980,"Autumn","Trailing hose","None",0,"None","Pig","Field acidified",13.6,3.45,10
"0235-1990",1990,"Autumn","Trailing hose","None",0,"None","Pig","Field acidified",13.7,3.33,11
"0235-2000",2000,"Autumn","Trailing hose","None",0,"None","Pig","Field acidified",14.6,3.33,12
"0235-2010",2010,"Autumn","Trailing hose","None",0,"None","Pig","Field acidified",14.6,3.45,12
"0236-1980",1980,"Winter-spring","Broadcast","None",0,"< 12 hours","Pig","Field acidified",10.9,3.6,8.4
"0236-1990",1990,"Winter-spring","Broadcast","None",0,"< 12 hours","Pig","Field acidified",11.3,3.59,9.5
"0236-2000",2000,"Winter-spring","Broadcast","None",0,"< 12 hours","Pig","Field acidified",11.9,3.42,10
"0236-2010",2010,"Winter-spring","Broadcast","None",0,"< 12 hours","Pig","Field acidified",12,3.53,10
"0237-1980",1980,"Winter-spring","Broadcast","None",0,"> 12 hours","Pig","Field acidified",10.9,3.6,8.4
"0237-1990",1990,"Winter-spring","Broadcast","None",0,"> 12 hours","Pig","Field acidified",11.3,3.59,9.5
"0237-2000",2000,"Winter-spring","Broadcast","None",0,"> 12 hours","Pig","Field acidified",11.9,3.42,10
"0237-2010",2010,"Winter-spring","Broadcast","None",0,"> 12 hours","Pig","Field acidified",12,3.53,10
"0238-1980",1980,"Winter-spring","Broadcast","None",0,"None","Pig","Field acidified",10.9,3.6,23
"0238-1990",1990,"Winter-spring","Broadcast","None",0,"None","Pig","Field acidified",11.3,3.59,24
"0238-2000",2000,"Winter-spring","Broadcast","None",0,"None","Pig","Field acidified",11.9,3.42,25
"0238-2010",2010,"Winter-spring","Broadcast","None",0,"None","Pig","Field acidified",12,3.53,25
"0239-1980",1980,"Spring-summer","Broadcast","Cereal and grass",15,"None","Pig","Field acidified",13.1,3.4,23
"0239-1990",1990,"Spring-summer","Broadcast","Cereal and grass",15,"None","Pig","Field acidified",13.7,3.4,24
"0239-2000",2000,"Spring-summer","Broadcast","Cereal and grass",15,"None","Pig","Field acidified",14.3,3.22,25
"0239-2010",2010,"Spring-summer","Broadcast","Cereal and grass",15,"None","Pig","Field acidified",14.3,3.4,25
"0240-1980",1980,"Late summer-autumn","Broadcast","Grass",10,"None","Pig","Field acidified",15.2,3.41,23
"0240-1990",1990,"Late summer-autumn","Broadcast","Grass",10,"None","Pig","Field acidified",16.1,3.18,24
"0240-2000",2000,"Late summer-autumn","Broadcast","Grass",10,"None","Pig","Field acidified",16.7,3.1,25
"0240-2010",2010,"Late summer-autumn","Broadcast","Grass",10,"None","Pig","Field acidified",16.6,3.22,25
"0241-1980",1980,"Late summer-autumn","Broadcast","None",0,"< 12 hours","Pig","Field acidified",15.2,3.41,8.6
"0241-1990",1990,"Late summer-autumn","Broadcast","None",0,"< 12 hours","Pig","Field acidified",16.1,3.18,9.9
"0241-2000",2000,"Late summer-autumn","Broadcast","None",0,"< 12 hours","Pig","Field acidified",16.7,3.1,10
"0241-2010",2010,"Late summer-autumn","Broadcast","None",0,"< 12 hours","Pig","Field acidified",16.6,3.22,10
"0242-1980",1980,"Late summer-autumn","Broadcast","None",0,"> 12 hours","Pig","Field acidified",15.2,3.41,8.6
"0242-1990",1990,"Late summer-autumn","Broadcast","None",0,"> 12 hours","Pig","Field acidified",16.1,3.18,9.9
"0242-2000",2000,"Late summer-autumn","Broadcast","None",0,"> 12 hours","Pig","Field acidified",16.7,3.1,10
"0242-2010",2010,"Late summer-autumn","Broadcast","None",0,"> 12 hours","Pig","Field acidified",16.6,3.22,10
"0243-1980",1980,"Late summer-autumn","Broadcast","None",0,"None","Pig","Field acidified",15.2,3.41,23
"0243-1990",1990,"Late summer-autumn","Broadcast","None",0,"None","Pig","Field acidified",16.1,3.18,24
"0243-2000",2000,"Late summer-autumn","Broadcast","None",0,"None","Pig","Field acidified",16.7,3.1,25
"0243-2010",2010,"Late summer-autumn","Broadcast","None",0,"None","Pig","Field acidified",16.6,3.22,25
"0244-1980",1980,"March","Trailing hose","None",0,"None","Cattle","None",3.3,4.37,22
"0244-1990",1990,"March","Trailing hose","None",0,"None","Cattle","None",4.4,4.48,24
"0244-2000",2000,"March","Trailing hose","None",0,"None","Cattle","None",4,4.02,21
"0244-2010",2010,"March","Trailing hose","None",0,"None","Cattle","None",4.9,4.02,22
"0245-1980",1980,"April","Trailing hose","None",0,"None","Cattle","None",6.8,3.79,26
"0245-1990",1990,"April","Trailing hose","None",0,"None","Cattle","None",7.6,4.02,27
"0245-2000",2000,"April","Trailing hose","None",0,"None","Cattle","None",8.5,3.45,25
"0245-2010",2010,"April","Trailing hose","None",0,"None","Cattle","None",8.5,3.91,27
"0246-1980",1980,"Summer","Trailing hose","None",0,"None","Cattle","None",15.6,3.18,36
"0246-1990",1990,"Summer","Trailing hose","None",0,"None","Cattle","None",16.4,3.18,35
"0246-2000",2000,"Summer","Trailing hose","None",0,"None","Cattle","None",16.9,3.1,32
"0246-2010",2010,"Summer","Trailing hose","None",0,"None","Cattle","None",16.9,3.18,33
"0247-1980",1980,"Autumn","Trailing hose","None",0,"None","Cattle","None",13.6,3.45,35
"0247-1990",1990,"Autumn","Trailing hose","None",0,"None","Cattle","None",13.7,3.33,33
"0247-2000",2000,"Autumn","Trailing hose","None",0,"None","Cattle","None",14.6,3.33,31
"0247-2010",2010,"Autumn","Trailing hose","None",0,"None","Cattle","None",14.6,3.45,32
